Description;Vendor;Amount Paid;Type;Expense type (CF)
Conversion EUR to UZS;NBU OF UZBEKISTAN; (150 982 000);Cashbook;
Commission for participation in electronic trading;Uzbek Republican Commodity and Raw Materials Exchange;6 500 000;AP;Tenders' participation
Salary payment_Avajansky Anton;A&M;131 250 000;Payroll 1;Payroll
Bank fee for a payment order 1 in UZS;NBU OF UZBEKISTAN;300;Cashbook;
Bank fee for a payment order 1 in UZS;NBU OF UZBEKISTAN;32 500;Cashbook;
Cellular services;COSCOM LLC;175 000;AP;Telephone, internet
Work permit/ fees_Alexeychuk Maxim;Public Services Center Yunusobod;243 000;AP;Work permits
Work permit/ fees_Balasanov Georgy;Public Services Center Yunusobod;243 000;AP;Work permits
Work permit/ fees_Gorokhova Svetlana;Public Services Center Yunusobod;243 000;AP;Work permits
Work permit/ fees_Zakharov Nikita;Public Services Center Yunusobod;243 000;AP;Work permits
Work permit/ fees_Velikhanova;Public Services Center Yunusobod;243 000;AP;Work permits
Work permit/ fees_Gabueva;Public Services Center Yunusobod;243 000;AP;Work permits
Work permit/ fees_Nuretdinov Oleg;Public Services Center Yunusobod;243 000;AP;Work permits
Work permit/ fees_Petelin Nikita;Public Services Center Yunusobod;243 000;AP;Work permits
Work permit/ fees_Pyaterneva Nataliya;Public Services Center Yunusobod;243 000;AP;Work permits
Work permit/ fees_Avazhanskaia Nadezhda;Public Services Center Yunusobod;243 000;AP;Work permits
Work permit/ fees_Avajansky Anton;Public Services Center Yunusobod;243 000;AP;Work permits
Work permit/ fees_Chumakova Zhanna;Public Services Center Yunusobod;243 000;AP;Work permits
Work permit/ fees_Kachan;Public Services Center Yunusobod;243 000;AP;Work permits
Work permit/ fees_Kuzmin;Public Services Center Yunusobod;243 000;AP;Work permits
Work permit/ fees_Medvedev;Public Services Center Yunusobod;243 000;AP;Work permits
Work permit/ fees_Starostin;Public Services Center Yunusobod;243 000;AP;Work permits
Work permit/ fees_Toporov;Public Services Center Yunusobod;243 000;AP;Work permits
Work permit/ fees_Kharchenko;Public Services Center Yunusobod;243 000;AP;Work permits
Work permit/ fees_Andreicheva;Public Services Center Yunusobod;243 000;AP;Work permits
Work permit/ fees_Ekidina Anastasiya;Public Services Center Yunusobod;243 000;AP;Work permits
Bank fee for a payment order 3 in UZS;NBU OF UZBEKISTAN;875;Cashbook;
Bank fee for a payment order 3 in UZS;NBU OF UZBEKISTAN;300;Cashbook;
Bank fee for a payment order 4 in UZS;NBU OF UZBEKISTAN;300;Cashbook;
Bank fee for a payment order 5 in UZS;NBU OF UZBEKISTAN;300;Cashbook;
Bank fee for a payment order 6 in UZS;NBU OF UZBEKISTAN;300;Cashbook;
Bank fee for a payment order 7 in UZS;NBU OF UZBEKISTAN;300;Cashbook;
Bank fee for a payment order 8 in UZS;NBU OF UZBEKISTAN;300;Cashbook;
Bank fee for a payment order 9 in UZS;NBU OF UZBEKISTAN;300;Cashbook;
Bank fee for a payment order 10 in UZS;NBU OF UZBEKISTAN;300;Cashbook;
Bank fee for a payment order 11 in UZS;NBU OF UZBEKISTAN;300;Cashbook;
Bank fee for a payment order 12 in UZS;NBU OF UZBEKISTAN;300;Cashbook;
Bank fee for a payment order 13 in UZS;NBU OF UZBEKISTAN;300;Cashbook;
Bank fee for a payment order 14 in UZS;NBU OF UZBEKISTAN;300;Cashbook;
Bank fee for a payment order 15 in UZS;NBU OF UZBEKISTAN;300;Cashbook;
Bank fee for a payment order 16 in UZS;NBU OF UZBEKISTAN;300;Cashbook;
Bank fee for a payment order 17 in UZS;NBU OF UZBEKISTAN;300;Cashbook;
Bank fee for a payment order 18 in UZS;NBU OF UZBEKISTAN;300;Cashbook;
Bank fee for a payment order 18 in UZS;NBU OF UZBEKISTAN;300;Cashbook;
Bank fee for a payment order 20 in UZS;NBU OF UZBEKISTAN;300;Cashbook;
Bank fee for a payment order 20 in UZS;NBU OF UZBEKISTAN;300;Cashbook;
Bank fee for a payment order 21 in UZS;NBU OF UZBEKISTAN;300;Cashbook;
Bank fee for a payment order 22 in UZS;NBU OF UZBEKISTAN;300;Cashbook;
Work permit/ fees_Chuikov Egor;Public Services Center Yunusobod;243 000;AP;Work permits
Bank fee for a payment order 29 in UZS;NBU OF UZBEKISTAN;300;Cashbook;
Bank fee for a payment order 30 in UZS;NBU OF UZBEKISTAN;300;Cashbook;
Work permit/ fees_Chumakov Anton;Public Services Center Yunusobod;243 000;AP;Work permits
Work permit/ fees_Likhacheva Evgeniya;Public Services Center Yunusobod;243 000;AP;Work permits
Bank fee for a payment order 24 in UZS;NBU OF UZBEKISTAN;300;Cashbook;
Work permit/ fees_Kinev Pavel;Public Services Center Yunusobod;243 000;AP;Work permits
Work permit/ fees_Ponomareva Sofiya;Public Services Center Yunusobod;243 000;AP;Work permits
Work permit/ fees_Samutichev Evgenii;Public Services Center Yunusobod;243 000;AP;Work permits
Bank fee for a payment order 25 in UZS;NBU OF UZBEKISTAN;300;Cashbook;
Bank fee for a payment order 27 in UZS;NBU OF UZBEKISTAN;300;Cashbook;
Bank fee for a payment order 28 in UZS;NBU OF UZBEKISTAN;300;Cashbook;
Work permit/ fees_Lukashenko Yana;Public Services Center Yunusobod;243 000;AP;Work permits
Bank fee for a payment order 26 in UZS;NBU OF UZBEKISTAN;300;Cashbook;
Work permit/ fees_Khodakovsky Yaroslav;Public Services Center Yunusobod;243 000;AP;Work permits
Work permit/ fees_Fedotov Pavel;Public Services Center Yunusobod;243 000;AP;Work permits
Conversion EUR to UZS;NBU OF UZBEKISTAN; (472 840 000);Cashbook;
Rent Paid - Office;Invest Assets Plus LLC;365 859 664;AP;Office rent 
Transfer from UZS account to Corp Card;NBU OF UZBEKISTAN;5 000 000;Cashbook;
Transfer from UZS account to Corp Card;NBU OF UZBEKISTAN;5 000 000;Cashbook;
Bank fee for a payment order 36 in UZS;NBU OF UZBEKISTAN;25 000;Cashbook;
Bank fee for a payment order 37 in UZS;NBU OF UZBEKISTAN;25 000;Cashbook;
Conversion EUR to UZS;NBU OF UZBEKISTAN; (106 551 000);Cashbook;
Salary payment_Avajansky Anton;A&M;99 750 000;Payroll 1;Payroll
Bank fee for a payment order 41 in UZS;NBU OF UZBEKISTAN;300;Cashbook;
Work permit/ fees_Gabueva;Public Services Center Yunusobod;540 000;AP;Work permits
Work permit/ fees_Avazhanskiy;Public Services Center Yunusobod;270 000;AP;Work permits
Bank fee for a payment order 42 in UZS;NBU OF UZBEKISTAN;300;Cashbook;
Bank fee for a payment order 44 in UZS;NBU OF UZBEKISTAN;300;Cashbook;
Work permit/ fees_Gorokhova;Public Services Center Yunusobod;540 000;AP;Work permits
Bank fee for a payment order 49 in UZS;NBU OF UZBEKISTAN;300;Cashbook;
Bank fee for a payment order 45 in UZS;NBU OF UZBEKISTAN;300;Cashbook;
Bank fee for a payment order 47 in UZS;NBU OF UZBEKISTAN;300;Cashbook;
Legal services;CENTIL;16 717 815;AP;Legal & Tax consulting Fees
Work permit/ fees_Kachan;Public Services Center Yunusobod;540 000;AP;Work permits
Work permit/ fees_Balasanov;Public Services Center Yunusobod;540 000;AP;Work permits
Bank fee for a payment order 46 in UZS;NBU OF UZBEKISTAN;300;Cashbook;
Work permit/ fees_Zakharov;Public Services Center Yunusobod;540 000;AP;Work permits
Bank fee for a payment order 49 in UZS;NBU OF UZBEKISTAN;83 589;Cashbook;
Bank fee for a payment order 50 in UZS;NBU OF UZBEKISTAN;300;Cashbook;
Conferences- Other (Avajansky);dfs;14 000 000;AP;Business Development 
Bank fee for a payment order 50 in UZS;NBU OF UZBEKISTAN;70 000;Cashbook;
Bank fee for a payment order 43 in UZS;NBU OF UZBEKISTAN;300;Cashbook;
Salary tax_PIT _Avazhanskiy Anton;A&M ;31 500 000;Payroll 1;Payroll
Salary tax_social security contribution _Avazhanskiy Anton;A&M ;31 500 000;Payroll 1;TAXES - Payroll
Work permit/ fees_Velikhanova;Public Services Center Yunusobod;540 000;AP;Work permits
Work permit/ fees_Alexeychuk;Public Services Center Yunusobod;270 000;AP;Work permits
Bank fee for a payment order 48 in UZS;NBU OF UZBEKISTAN;300;Cashbook;
Bank fee for a payment order 51 in UZS;NBU OF UZBEKISTAN;55 000;Cashbook;
Transfer from UZS account to Corp Card;NBU OF UZBEKISTAN;11 000 000;Cashbook;
Funding from UZS account ;NBU OF UZBEKISTAN; (5 000 000);Cashbook;
Office supplies - corporate mobile phone;MEDIAPARK GROUP LLC;1 209 000;AP;Information Technology 
Office supplies ;PERSPECTIVE TRADE LLC;633 100;AP;Office supply
Funding from UZS account ;NBU OF UZBEKISTAN; (5 000 000);Cashbook;
BD expense ;NAVOIY TINCH TEKSTIL LLC;300 000;AP;Business Development 
Funding from UZS account ;NBU OF UZBEKISTAN; (11 000 000);Cashbook;
Loan from A&M;Alvarez & Marsal Europe Holdings Limited; (100 000);AP;
_onversion EUR to UZS;NBU OF UZBEKISTAN;13 000;Cashbook;
_onversion EUR to UZS;NBU OF UZBEKISTAN;40 000;Cashbook;
_onversion EUR to UZS;NBU OF UZBEKISTAN;9 000;Cashbook;
Conversion EUR to UZS;NBU OF UZBEKISTAN; (67 060 500);Cashbook;
Bank fee for a payment order 61 in UZS;NBU OF UZBEKISTAN;75 000;Cashbook;
Transfer from UZS account to Corp Card;NBU OF UZBEKISTAN;15 000 000;Cashbook;
Bank fee for a payment order 57 in UZS;NBU OF UZBEKISTAN;300;Cashbook;
Work permit/ fees_Starostin;Public Services Center Yunusobod;270 000;AP;Work permits
Bank fee for a payment order 56 in UZS;NBU OF UZBEKISTAN;300;Cashbook;
Work permit/ fees_Nuretdinov;Public Services Center Yunusobod;270 000;AP;Work permits
Work permit/ fees_Chumakova;Public Services Center Yunusobod;540 000;AP;Work permits
Work permit/ fees_Kinev;Public Services Center Yunusobod;270 000;AP;Work permits
Bank fee for a payment order 55 in UZS;NBU OF UZBEKISTAN;300;Cashbook;
Bank fee for a payment order 58 in UZS;NBU OF UZBEKISTAN;300;Cashbook;
Bank fee for a payment order 59 in UZS;NBU OF UZBEKISTAN;300;Cashbook;
Work permit/ fees_Kharchenko;Public Services Center Yunusobod;270 000;AP;Work permits
Work permit/ fees_Pyaterneva;Public Services Center Yunusobod;540 000;AP;Work permits
Work permit/ fees_Petelin;Public Services Center Yunusobod;270 000;AP;Work permits
Bank fee for a payment order 53 in UZS;NBU OF UZBEKISTAN;300;Cashbook;
Bank fee for a payment order 52 in UZS;NBU OF UZBEKISTAN;300;Cashbook;
Work permit/ fees_Toporov;Public Services Center Yunusobod;270 000;AP;Work permits
Bank fee for a payment order 54 in UZS;NBU OF UZBEKISTAN;300;Cashbook;
Bank fee for a payment order 60 in UZS;NBU OF UZBEKISTAN;300;Cashbook;
Work permit/ fees_Kuzmin;Public Services Center Yunusobod;270 000;AP;Work permits
Work permit/ fees_Yekidina;Public Services Center Yunusobod;9 000 000;AP;Work permits
Bank fee for a payment order 62 in UZS;NBU OF UZBEKISTAN;300;Cashbook;
Bank fee for a payment order 65 in UZS;NBU OF UZBEKISTAN;300;Cashbook;
Bank fee for a payment order 64 in UZS;NBU OF UZBEKISTAN;300;Cashbook;
Bank fee for a payment order 63 in UZS;NBU OF UZBEKISTAN;300;Cashbook;
Work permit/ fees_Chuykov;Public Services Center Yunusobod;9 000 000;AP;Work permits
Work permit/ fees_Samutichev;Public Services Center Yunusobod;9 000 000;AP;Work permits
Work permit/ fees_Likhacheva;Public Services Center Yunusobod;9 000 000;AP;Work permits
Work permit/ fees_Lukashenko;Public Services Center Yunusobod;9 000 000;AP;Work permits
Bank fee for a payment order 66 in UZS;NBU OF UZBEKISTAN;300;Cashbook;
Transfer from Corp Card account to UZS;NBU OF UZBEKISTAN; (15 000 000);Cashbook;
Bank fee for a payment order 67 in UZS;NBU OF UZBEKISTAN;75 000;Cashbook;
Transfer from UZS account to Corp Card;NBU OF UZBEKISTAN;15 000 000;Cashbook;
Conversion EUR to UZS;NBU OF UZBEKISTAN; (141 156 000);Cashbook;
Work permit/ fees_Medvedev;Public Services Center Yunusobod;9 000 000;AP;Work permits
Work permit/ fees_Andreycheva;Public Services Center Yunusobod;9 000 000;AP;Work permits
Bank fee for a payment order 70 in UZS;NBU OF UZBEKISTAN;300;Cashbook;
Bank fee for a payment order 72 in UZS;NBU OF UZBEKISTAN;300;Cashbook;
Work permit/ fees_Chumakov;Public Services Center Yunusobod;9 000 000;AP;Work permits
Bank fee for a payment order 69 in UZS;NBU OF UZBEKISTAN;300;Cashbook;
Bank fee for a payment order 68 in UZS;NBU OF UZBEKISTAN;300;Cashbook;
Work permit/ fees_Ponomareva;Public Services Center Yunusobod;9 000 000;AP;Work permits
Bank fee for a payment order 71 in UZS;NBU OF UZBEKISTAN;300;Cashbook;
Work permit/ fees_Fedotov;Public Services Center Yunusobod;9 000 000;AP;Work permits
Work permit/ fees_Avazhanskiy;Public Services Center Yunusobod;270 000;AP;Work permits
Bank fee for a payment order 73 in UZS;NBU OF UZBEKISTAN;300;Cashbook;
Bank fee for a payment order 74 in UZS;NBU OF UZBEKISTAN;300;Cashbook;
Work permit/ fees_Khodakovskiy;Public Services Center Yunusobod;300 000;AP;Work permits
Funding from UZS account ;NBU OF UZBEKISTAN; (15 000 000);Cashbook;
Office supplies - printer;MEDIAPARK GROUP LLC;6 396 000;AP;Information Technology 
Office supplies - printer;MEDIAPARK GROUP LLC;6 396 000;AP;Information Technology 
BD expense;CHECKPOINT TIME LLC;359 375;AP;Business Development 
BD expense;HANOK HOUSE LLC;2 144 400;AP;Business Development 
_onversion EUR to UZS;NBU OF UZBEKISTAN;5 700;Cashbook;
_onversion EUR to UZS;NBU OF UZBEKISTAN;12 000;Cashbook;
Bank services;NBU OF UZBEKISTAN;997 826;Cashbook;
_ellular services;COSCOM LLC;83 065;AP;Telephone, internet
Bank fee for a payment order 77 in UZS;NBU OF UZBEKISTAN;300;Cashbook;
Bank fee for a payment order 77 in UZS;NBU OF UZBEKISTAN;75 000;Cashbook;
Bank fee for a payment order 75 in UZS;NBU OF UZBEKISTAN;415;Cashbook;
_ellular services;COSCOM LLC;15 000 000;AP;Telephone, internet
Bank fee for a payment order 75 in UZS;NBU OF UZBEKISTAN;300;Cashbook;
Recruiting Agency Fees;HEL-DEN LLC;1 691 000;AP;Recruitment Fees
Bank fee for a payment order 78 in UZS;NBU OF UZBEKISTAN;300;Cashbook;
Bank fee for a payment order 78 in UZS;NBU OF UZBEKISTAN;8 455;Cashbook;
Bank fee for a payment order 31 in UZS;NBU OF UZBEKISTAN;300;Cashbook;
Bank fee for a payment order 31 in UZS;NBU OF UZBEKISTAN;1 829 298;Cashbook;
Bank fee for a payment order 32 in UZS;NBU OF UZBEKISTAN;300;Cashbook;
Bank fee for a payment order 33 in UZS;NBU OF UZBEKISTAN;300;Cashbook;
Bank fee for a payment order 79 in UZS;NBU OF UZBEKISTAN;300;Cashbook;
Accounting services;Mazars Advisory LLC;19 093 711;AP;Accounting Services 
Bank fee for a payment order 79 in UZS;NBU OF UZBEKISTAN;95 469;Cashbook;
Conversion EUR to UZS;NBU OF UZBEKISTAN; (800 590 000);Cashbook;
Salary payment;A&M ;595 249 242;Payroll 1;Payroll
Salary payment_Toporov;A&M ;46 157 118;Payroll 1;Payroll
Salary tax_PIT _Toporov;A&M ;2 946 199;Payroll 1;Payroll
Salary tax_social security contribution _Toporov;A&M ;5 892 398;Payroll 1;TAXES - Payroll
Salary payment;A&M ;80 835 364;Payroll 1;Payroll
Bank fee for a payment order 85 in UZS;NBU OF UZBEKISTAN;47 553;Cashbook;
legal services;SCHNEIDER GROUP Uzbekistan;47 553 000;AP;Legal & Tax consulting Fees
legal services;CENTIL;16 531 500;AP;Legal & Tax consulting Fees
Bank fee for a payment order 89 in UZS;NBU OF UZBEKISTAN;82 658;Cashbook;
Bank fee for a payment order 89 in UZS;NBU OF UZBEKISTAN;300;Cashbook;
travel expenses -tickets;LANGO TRADING LLC;48 534 692;AP;Travel&Transport
Bank fee for a payment order 86 in UZS;NBU OF UZBEKISTAN;242 673;Cashbook;
Bank fee for a payment order 86 in UZS;NBU OF UZBEKISTAN;300;Cashbook;
service fees;LANGO TRADING LLC;300 000;AP;Travel&Transport
Bank fee for a payment order 88 in UZS;NBU OF UZBEKISTAN;300;Cashbook;
travel expenses -hotels;LANGO TRADING LLC;2 442 000;AP;Travel&Transport
Bank fee for a payment order 88 in UZS;NBU OF UZBEKISTAN;12 210;Cashbook;
Bank fee for a payment order 87 in UZS;NBU OF UZBEKISTAN;1 500;Cashbook;
Bank fee for a payment order 87 in UZS;NBU OF UZBEKISTAN;300;Cashbook;
Conversion EUR to UZS;NBU OF UZBEKISTAN; (307 692 000);Cashbook;
Tender participation;JV XT-Xarid Texnologiyalari LTD;218 000 000;AP;Tenders' participation
Bank fee for a payment order 90 in UZS;NBU OF UZBEKISTAN;300;Cashbook;
Bank fee for a payment order 90 in UZS;NBU OF UZBEKISTAN;1 090 000;Cashbook;
Conversion EUR to UZS;NBU OF UZBEKISTAN; (3 533 690 000);Cashbook;
Salary payment;A&M ;2 689 622 872;AP;Payroll
Expenses reimbursement_Anton Avazhanskiy;A&M ;5 680 400;AP;Reimbursment exp
Bank fee for a payment order 91 in UZS;NBU OF UZBEKISTAN;218 273;Cashbook;
Bank fee for a payment order 91 in UZS;NBU OF UZBEKISTAN;300;Cashbook;
Accounting services;MAZARS ADVISORY LLC;43 654 603;AP;Accounting Services 
Bank fee for a payment order 93 in UZS;NBU OF UZBEKISTAN;300;Cashbook;
Salary tax_PIT ;A&M ;340 937 189;AP;Payroll
Salary tax_social security contribution;A&M ;460 862 960;AP;TAXES - Payroll
Bank fee for a payment order 94 in UZS;NBU OF UZBEKISTAN;300;Cashbook;
BD expense;FRENCH PASTRY LLC;534 000;AP;Business Development 
BD expense;BISTECCA LLC;2 558 050;AP;Business Development 
BD expense;SIROVARNYA SUPER LLC;1 016 000;AP;Business Development 
BD expense;SIROVARNYA SUPER LLC;966 000;AP;Business Development 
BD expense;BESHYOGOCH QAHVA LLC;1 080 000;AP;Business Development 
BD expense;BISTECCA LLC;4 686 000;AP;Business Development 
Transfer from UZS account to Corp Card;NBU OF UZBEKISTAN;10 000 000;Cashbook;
Bank fee for a payment order 96 in UZS;NBU OF UZBEKISTAN;50 000;Cashbook;
Expenses reimbursement_GOROKHOVA SVETLANA OLEGOVNA;A&M;2 000 000;Exps;Reimbursment exp
Expenses reimbursement_LIKHACHEVA EVGENIYA ALEKSANDROVNA;A&M;575 490;Exps;Reimbursment exp
Expenses reimbursement_KHARCHENKO DENIS ALEKSANDROVICH ;A&M;465 648;Exps;Reimbursment exp
Expenses reimbursement_KINEV PAVEL ALEKSANDROVICH;A&M;209 834;Exps;Reimbursment exp
Expenses reimbursement_FEDOTOV PAVEL ALEKSEEVICH;A&M;1 249 088;Exps;Reimbursment exp
Vacation payment_KHODAKOVSKIY YAROSLAV XXX;A&M;12 895 674;Payroll 1;Payroll
Conversion EUR to UZS;NBU OF UZBEKISTAN; (16 752 000);Cashbook;
Refund of payment_Salary tax_PIT;A&M; (2 946 199);Payroll 1;Payroll
Refund of payment_Salary tax_PIT;A&M; (1 281 038);Payroll 1;Payroll
Refund of payment_Salary tax_PIT;A&M; (4 611 360);Payroll 1;TAXES - Payroll
Travel expenses;Lango Trading LLC;700 000;AP;Travel&Transport
Travel expenses;Lango Trading LLC;10 910 000;AP;Travel&Transport
Travel expenses;Lango Trading LLC;78 515 699;AP;Travel&Transport
Bank fee for a payment order 107 in UZS;NBU OF UZBEKISTAN;300;Cashbook;
Bank fee for a payment order 106 in UZS;NBU OF UZBEKISTAN;3 500;Cashbook;
Bank fee for a payment order 106 in UZS;NBU OF UZBEKISTAN;300;Cashbook;
Bank fee for a payment order 105 in UZS;NBU OF UZBEKISTAN;300;Cashbook;
Bank fee for a payment order 105 in UZS;NBU OF UZBEKISTAN;54 550;Cashbook;
Bank fee for a payment order 107 in UZS;NBU OF UZBEKISTAN;392 579;Cashbook;
Taxi services;MyTaxi;60 660;AP;Travel&Transport
Bank fee for a payment order 103 in UZS;NBU OF UZBEKISTAN;3 033;Cashbook;
Bank fee for a payment order 104 in UZS;NBU OF UZBEKISTAN;300;Cashbook;
Bank fee for a payment order 104 in UZS;NBU OF UZBEKISTAN;303;Cashbook;
Taxi services;MyTaxi;606 600;AP;Travel&Transport
Bank fee for a payment order 103 in UZS;NBU OF UZBEKISTAN;300;Cashbook;
Bank fee for a payment order 109 in UZS;NBU OF UZBEKISTAN;300;Cashbook;
Salary tax_PIT;A&M;1 381 436;Payroll 1;Payroll
Bank fee for a payment order 110 in UZS;NBU OF UZBEKISTAN;300;Cashbook;
Salary tax_Social security contribution;A&M;1 381 436;Payroll 1;TAXES - Payroll
Currency Exchange EUR/UZS;NBU OF UZBEKISTAN; (16 684 500);Cashbook;
Currency Exchange EUR/UZS;NBU OF UZBEKISTAN; (94 545 500);Cashbook;
Salary payment_BALASANOV GEORGY ARMENOVICH;A&M;10 130 532;Payroll 1;Payroll
Subletting agreement _ 40__-___  10.06.2022_;A&M PE UZB; (6 457 552);AR;Office rent 
Currency Exchange EUR/UZS;NBU OF UZBEKISTAN; (219 740 000);Cashbook;
Currency Exchange EUR/UZS;NBU OF UZBEKISTAN; (1 757 920 000);Cashbook;
Transfer from UZS account to UZS Salary;NBU OF UZBEKISTAN;96 556 846;Cashbook;Payroll
Transfer from UZS account to UZS Salary;NBU OF UZBEKISTAN;116 574 804;Cashbook;Payroll
Transfer from UZS account to UZS Salary;NBU OF UZBEKISTAN;693 253 333;Cashbook;Payroll
Transfer from UZS account to UZS Salary;NBU OF UZBEKISTAN;5 873 182;Cashbook;Payroll
Transfer from UZS Salary  to UZS Account;A&M;0;Payroll 1;Payroll
Salary tax_Social security contribution;A&M;449 865 903;Payroll 1;TAXES - Payroll
Salary tax_PIT;A&M;800 888;Payroll 1;Payroll
Internet;Uzbektelecom;20 320 000;AP;Telephone, internet
Bank fee for order 131 in UZS;NBU OF UZBEKISTAN;300;Cashbook;
Bank fee for order 130 in UZS;NBU OF UZBEKISTAN;300;Cashbook;
Bank fee for order 132 in UZS;NBU OF UZBEKISTAN;101 600;Cashbook;
Bank fee for order 132 in UZS;NBU OF UZBEKISTAN;300;Cashbook;
Bank fee for order 124 in UZS;NBU OF UZBEKISTAN;300;Cashbook;
Work permit_Sosnin;Public Services Center Yunusobod;270 000;AP;Work permits
Salary tax_PIT;A&M;8 438 682;Payroll 1;Payroll
Bank fee for order 126 in UZS;NBU OF UZBEKISTAN;300;Cashbook;
Bank fee for order 125 in UZS;NBU OF UZBEKISTAN;300;Cashbook;
Salary tax_Social security contribution;A&M;12 599 463;Payroll 1;TAXES - Payroll
Bank fee for order 127 in UZS;NBU OF UZBEKISTAN;300;Cashbook;
Bank fee for order 129 in UZS;NBU OF UZBEKISTAN;300;Cashbook;
Salary tax_PIT;A&M;557 489 889;Payroll 1;Payroll
Salary tax_Social security contribution;A&M;14 881 890;Payroll 1;TAXES - Payroll
Bank fee for order 128 in UZS;NBU OF UZBEKISTAN;300;Cashbook;
Salary tax_PIT;A&M;7 440 945;Payroll 1;Payroll
Currency Exchange EUR/UZS;A&M; (233 205 000);Cashbook;
Rent Paid;OOO Invest Assets Plus;165 257 862;AP;Office rent 
Bank fee for order 133 in UZS;NBU OF UZBEKISTAN;826 289;Cashbook;
Bank fee for order 133 in UZS;NBU OF UZBEKISTAN;300;Cashbook;
Bank fee for order 2 in RUB account in UZS;NBU OF UZBEKISTAN;1 753 836;Cashbook;
Bank fee for order 2 in RUB account in UZS SWIFT;NBU OF UZBEKISTAN;255 000;Cashbook;
Bank fee for order 2 in RUB account in UZS;NBU OF UZBEKISTAN;116 232;Cashbook;
Bank fee for order 2 in RUB account in UZS SWIFT;NBU OF UZBEKISTAN;255 000;Cashbook;
VAT;A&M;12 233 400;Cashbook;TAXES - VAT
Transfer from UZS account to Corp Card;A&M;8 000 000;Cashbook;
Bank fee for order 170 in UZS;NBU OF UZBEKISTAN;40 000;Cashbook;
Consultung services;CENTIL;27 320 000;AP;Legal & Tax consulting Fees
Consultung services;CENTIL;27 125 000;AP;Legal & Tax consulting Fees
Bank fee for order 167 in UZS;NBU OF UZBEKISTAN;136 600;Cashbook;
Bank fee for order 167 in UZS;NBU OF UZBEKISTAN;300;Cashbook;
Bank fee for order 169 in UZS;NBU OF UZBEKISTAN;300;Cashbook;
Bank fee for order 168 in UZS;NBU OF UZBEKISTAN;135 625;Cashbook;
Bank fee for order 168 in UZS;NBU OF UZBEKISTAN;300;Cashbook;
Bank fee for order 171 in UZS;NBU OF UZBEKISTAN;2 500;Cashbook;
Bank fee for order 169 in UZS;NBU OF UZBEKISTAN;191 240;Cashbook;
Consultung services;CENTIL;38 248 000;AP;Legal & Tax consulting Fees
Delivery services;BTS Express Cargo Services;500 000;AP;All other
Bank fee for order 171 in UZS;NBU OF UZBEKISTAN;300;Cashbook;
Bank fee for order 172 in UZS;NBU OF UZBEKISTAN;300;Cashbook;
Network hardware;COMPUTER COMPONENTS;9 825 600;AP;Fixed assets purchase
Bank fee for order 172 in UZS;NBU OF UZBEKISTAN;49 128;Cashbook;
Work permit_Sosnin;Public Services Center Yunusobod;9 000 000;AP;Work permits
Bank fee for order 173 in UZS;NBU OF UZBEKISTAN;300;Cashbook;
Penalties_PIT;A&M;214 313;Cashbook;Payroll
Bank fee for order 9786131840  in UZS;NBU OF UZBEKISTAN;300;Cashbook;
Bank fee for order 176  in UZS;NBU OF UZBEKISTAN;300;Cashbook;
travel expenses-hotels;Lango Trading LLC;24 471 613;AP;Travel&Transport
travel expenses_service fees;Lango Trading LLC;300 000;AP;Travel&Transport
Bank fee for order 176  in UZS;NBU OF UZBEKISTAN;1 500;Cashbook;
Bank fee for order 174  in UZS;NBU OF UZBEKISTAN;122 357;Cashbook;
Bank fee for order 174  in UZS;NBU OF UZBEKISTAN;300;Cashbook;
Currency Exchange EUR/UZS;A&M; (168 285 000);Cashbook;
travel expenses-tickets;Lango Trading LLC;48 088 186;AP;Travel&Transport
Bank fee for order 175  in UZS;NBU OF UZBEKISTAN;240 441;Cashbook;
Bank fee for order 175  in UZS;NBU OF UZBEKISTAN;300;Cashbook;
Currency Exchange EUR/UZS;A&M; (886 720 000);Cashbook;
Prepayment for customs clearance;A&M;463 859 839;Cashbook;Fixed assets purchase
Currency Exchange EUR/UZS;A&M; (165 900 000);Cashbook;
Transfer from UZS account to UZS Salary;NBU OF UZBEKISTAN;388 023 051;Cashbook;Payroll
Salary tax_PIT;A&M;100 921 148;Payroll 1;Payroll
Bank fee for order 178 in UZS;NBU OF UZBEKISTAN;300;Cashbook;
Salary tax_Social security contribution;A&M;143 476 504;Payroll 1;TAXES - Payroll
Bank fee for order 179 in UZS;NBU OF UZBEKISTAN;300;Cashbook;
Prepayment for customs clearance;A&M;75 000;Cashbook;Fixed assets purchase
Transfer from UZS account to Corp Card;NBU OF UZBEKISTAN; (10 000 000);Cashbook;
BD meal (Rakhmanov_Abu Dhabi Uzbek investment);LLC Sakura City;6 043 200;AP;Business Development 
BD meal (Nefediev_PWC);Kurant LLC;1 780 000;AP;Business Development 
Printing & Photocopying outside;Intach DI LLC;230 000;AP;Office supply
Office supplies;KANSTIK LLC;1 056 400;AP;Office supply
Office supplies - telefon;MEDIAPARK GROUP LLC;1 214 000;AP;Office supply
Team meeting;ARROWS CORNER;952 000;AP;Business Development 
Transfer from UZS account to Corp Card;A&M; (8 000 000);Cashbook;
Currency Exchange EUR/UZS;NBU OF UZBEKISTAN;1 500;Cashbook;
Currency Exchange EUR/UZS;NBU OF UZBEKISTAN;1 500;Cashbook;
Currency Exchange EUR/UZS;NBU OF UZBEKISTAN;8 500;Cashbook;
Intercompany loan;Alvarez and Marsal Europe Holdings Limited; (449 894);Cashbook;
Currency Exchange EUR/UZS;NBU OF UZBEKISTAN;20 000;Cashbook;
Currency Exchange EUR/UZS;NBU OF UZBEKISTAN;160 000;Cashbook;
Currency Exchange EUR/UZS;NBU OF UZBEKISTAN;21 000;Cashbook;
Currency Exchange EUR/RUB;NBU OF UZBEKISTAN;7 273;Cashbook;
Currency Exchange EUR/RUB;NBU OF UZBEKISTAN;109 739;Cashbook;
Currency Exchange EUR/UZS;NBU OF UZBEKISTAN;15 000;Cashbook;
Currency Exchange EUR/UZS;NBU OF UZBEKISTAN;80 000;Cashbook;
Currency Exchange EUR/UZS;NBU OF UZBEKISTAN;15 000;Cashbook;
Transfer from EUR account to RUB Account;NBU OF UZBEKISTAN; (400 000);Cashbook;
Transfer from EUR Account to RUB Account;NBU OF UZBEKISTAN; (6 035 638);Cashbook;
Office supply (furniture);A&M CIS LLP (Moscow Branch);6 035 638;AP;Fixed assets purchase
Real estate market analysis in Tashkent;Cushman and Wakefield;400 000;AP;Office rent 
Subletting agreement _ 40__-___  10.06.2022_;A&M PE UZB; (12 919 893);AR;Office rent 
accounting services in July 2022;MAZARS ADVISORY LLC __ Ê;43 654 603;AP;Accounting Services 
customs broker services;Infinitive Vector;7 200 000;AP;Fixed assets purchase
Bank fee for order 183 in UZS;NBU OF UZBEKISTAN;300;Cashbook;
Bank fee for order 183 in UZS;NBU OF UZBEKISTAN;218 273;Cashbook;
Bank fee for order 184 in UZS;NBU OF UZBEKISTAN;300;Cashbook;
Bank fee for order 184 in UZS;NBU OF UZBEKISTAN;36 000;Cashbook;
Bank fee for Corp Card 200;NBU OF UZBEKISTAN;80 000;Cashbook;
Bank fee for Corp Card 201;NBU OF UZBEKISTAN;80 000;Cashbook;
Bank fee for order 299280731 in UZS;NBU OF UZBEKISTAN;80;Cashbook;
Bank fee for order 299280732 in UZS;NBU OF UZBEKISTAN;80;Cashbook;
Bank fee for order 185 in UZS;NBU OF UZBEKISTAN;300;Cashbook;
Salary tax_PIT_Anastasyev;A&M;5 386 066;Payroll 1;Subcontractors
Bank fee for order 187 in UZS;NBU OF UZBEKISTAN;3 000;Cashbook;
Bank fee for order 187 in UZS;NBU OF UZBEKISTAN;300;Cashbook;
courier services;BTS Express Cargo Services;600 000;AP;All other
Salary tax_Social security contribution_Anastasyev;A&M;5 386 066;Payroll 1;TAXES - Payroll
Bank fee for order 186 in UZS;NBU OF UZBEKISTAN;300;Cashbook;
Bank fee for order 725701 in EUR account;NBU OF UZBEKISTAN;58 851;Cashbook;
Bank fee for order 725701 in EUR account;NBU OF UZBEKISTAN;255 000;Cashbook;
Refund Salary tax_PIT;A&M; (423 982);Payroll 1;Payroll
Refund Salary tax_PIT;A&M; (1 291 992);Payroll 1;Payroll
Refund Salary tax_PIT;A&M; (553 770);Payroll 1;Payroll
Refund Salary tax_PIT;A&M; (30 080 189);Payroll 1;Payroll
Refund Salary tax_PIT;A&M; (4 359 842);Payroll 1;Payroll
Refund Salary tax_Social security contribution;A&M; (346 029);Payroll 1;TAXES - Payroll
Refund Salary tax_Social security contribution;A&M; (864 464);Payroll 1;TAXES - Payroll
Refund Salary tax_Social security contribution;A&M; (703 181);Payroll 1;TAXES - Payroll
Refund Salary tax_Social security contribution;A&M; (36 231 986);Payroll 1;TAXES - Payroll
Refund Salary tax_Social security contribution;A&M; (5 613 775);Payroll 1;TAXES - Payroll
Refund Salary tax_PIT;A&M; (20 109 874);Payroll 1;Payroll
Refund Salary tax_PIT;A&M; (72 140);Payroll 1;Payroll
Refund Salary tax_PIT;A&M; (1 802 673);Payroll 1;Payroll
Refund Salary tax_PIT;A&M; (3 769 909);Payroll 1;Payroll
Refund Salary tax_PIT;A&M; (4 417 331);Payroll 1;Payroll
Refund Salary tax_PIT;A&M; (473 404);Payroll 1;Payroll
Refund Salary tax_PIT;A&M; (1 013 880);Payroll 1;Payroll
Refund Salary tax_PIT;A&M; (476 000);Payroll 1;Payroll
Refund Salary tax_PIT;A&M; (416 000);Payroll 1;Payroll
Refund Salary tax_PIT;A&M; (802 000);Payroll 1;Payroll
Refund Salary tax_PIT;A&M; (11 199 000);Payroll 1;Payroll
Refund Salary tax_PIT;A&M; (4 240 853);Payroll 1;Payroll
Refund Salary tax_PIT;A&M; (776 088);Payroll 1;Payroll
Refund Salary tax_PIT;A&M; (350 826);Payroll 1;Payroll
Refund Salary tax_PIT;A&M; (5 002 173);Payroll 1;Payroll
Refund Salary tax_Social security contribution;A&M; (1 888 133);Payroll 1;TAXES - Payroll
Refund Salary tax_Social security contribution;A&M; (156 430);Payroll 1;TAXES - Payroll
Refund Salary tax_Social security contribution;A&M; (2 052 124);Payroll 1;TAXES - Payroll
Refund Salary tax_Social security contribution;A&M; (3 799 320);Payroll 1;TAXES - Payroll
Refund Salary tax_Social security contribution;A&M; (4 340 000);Payroll 1;TAXES - Payroll
Refund Salary tax_Social security contribution;A&M; (474 926);Payroll 1;TAXES - Payroll
Refund Salary tax_Social security contribution;A&M; (1 022 400);Payroll 1;TAXES - Payroll
Refund Salary tax_Social security contribution;A&M; (480 000);Payroll 1;TAXES - Payroll
Refund Salary tax_Social security contribution;A&M; (360 000);Payroll 1;TAXES - Payroll
Refund Salary tax_Social security contribution;A&M; (1 080 000);Payroll 1;TAXES - Payroll
Refund Salary tax_Social security contribution;A&M; (4 705 416);Payroll 1;TAXES - Payroll
Refund Salary tax_Social security contribution;A&M; (4 270 643);Payroll 1;TAXES - Payroll
Refund Salary tax_Social security contribution;A&M; (780 467);Payroll 1;TAXES - Payroll
Refund Salary tax_Social security contribution;A&M; (15 767);Payroll 1;TAXES - Payroll
Refund Salary tax_Social security contribution;A&M; (2 192);Payroll 1;TAXES - Payroll
Transfer from UZS account to UZS Salary;NBU OF UZBEKISTAN;150 000;Cashbook;Payroll
Transfer from UZS account to UZS Salary;NBU OF UZBEKISTAN;397 527;Cashbook;Payroll
Transfer from UZS account to UZS Salary;NBU OF UZBEKISTAN;827 774;Cashbook;Payroll
travel expenses-tickets;Lango;28 868 121;AP;Travel&Transport
Bank fee for order 188 in UZS;NBU OF UZBEKISTAN;300;Cashbook;
Bank fee for order 190 in UZS;NBU OF UZBEKISTAN;20 550;Cashbook;
Bank fee for order 189 in UZS;NBU OF UZBEKISTAN;300;Cashbook;
Bank fee for order 189 in UZS;NBU OF UZBEKISTAN;500;Cashbook;
Bank fee for order 190 in UZS;NBU OF UZBEKISTAN;300;Cashbook;
travel expenses_service fees;Lango;100 000;AP;Travel&Transport
Printing & Photocopying outside;Printuz;2 601 300;AP;Office supply
Bank fee for order 188 in UZS;NBU OF UZBEKISTAN;144 341;Cashbook;
Bank fee for order 191 in UZS;NBU OF UZBEKISTAN;300;Cashbook;
travel expenses-hotels;Lango;4 110 000;AP;Travel&Transport
Bank fee for order 191 in UZS;NBU OF UZBEKISTAN;13 007;Cashbook;
Printing & Photocopying outside;Printuz;6 670 000;AP;Travel&Transport
Bank fee for order 192 in UZS;NBU OF UZBEKISTAN;33 350;Cashbook;
Bank fee for order 192 in UZS;NBU OF UZBEKISTAN;300;Cashbook;
Transfer from UZS account to UZS Salary;NBU OF UZBEKISTAN;713 320;Cashbook;Payroll
Transfer from UZS account to UZS Salary;NBU OF UZBEKISTAN;600 834;Cashbook;Payroll
Transfer from UZS account to UZS Salary;NBU OF UZBEKISTAN;2 000 000;Cashbook;Payroll
Transfer from UZS account to UZS Salary;NBU OF UZBEKISTAN;9 768 000;Cashbook;Payroll
Refund Salary tax_PIT;A&M; (11 710 695);Payroll 1;Payroll
Refund Salary tax_PIT;A&M; (2 181 045);Payroll 1;Payroll
Refund Salary tax_PIT;A&M; (939 020);Payroll 1;Payroll
Refund Salary tax_PIT;A&M; (3 621 320);Payroll 1;Payroll
Refund Salary tax_PIT;A&M; (6 531 290);Payroll 1;Payroll
Refund Salary tax_PIT;A&M; (1 351 400);Payroll 1;Payroll
Refund Salary tax_PIT;A&M; (1 769 194);Payroll 1;Payroll
Refund Salary tax_PIT;A&M; (6 186 357);Payroll 1;Payroll
Refund Salary tax_PIT;A&M; (21 443 439);Payroll 1;Payroll
Refund Salary tax_PIT;A&M; (500);Payroll 1;Payroll
Refund Salary tax_PIT;A&M; (666 000);Payroll 1;Payroll
Refund Salary tax_PIT;A&M; (118 452 418);Payroll 1;Payroll
Refund Salary tax_PIT;A&M; (557 192);Payroll 1;Payroll
Refund Salary tax_PIT;A&M; (1 095 735);Payroll 1;Payroll
Refund Salary tax_PIT;A&M; (33 045 744);Payroll 1;Payroll
Refund Salary tax_PIT;A&M; (1 971 833);Payroll 1;Payroll
Refund Salary tax_PIT;A&M; (1 936 987);Payroll 1;Payroll
Refund Salary tax_Social security contribution;A&M; (6 249 240);Payroll 1;TAXES - Payroll
Refund Salary tax_Social security contribution;A&M; (2 220 000);Payroll 1;TAXES - Payroll
Refund Salary tax_Social security contribution;A&M; (907 862);Payroll 1;TAXES - Payroll
Refund Salary tax_Social security contribution;A&M; (3 002 567);Payroll 1;TAXES - Payroll
Refund Salary tax_Social security contribution;A&M; (6 482 634);Payroll 1;TAXES - Payroll
Refund Salary tax_Social security contribution;A&M; (2 647 601);Payroll 1;TAXES - Payroll
Refund Salary tax_Social security contribution;A&M; (1 615 623);Payroll 1;TAXES - Payroll
Refund Salary tax_Social security contribution;A&M; (805 005);Payroll 1;TAXES - Payroll
Refund Salary tax_Social security contribution;A&M; (21 622 786);Payroll 1;TAXES - Payroll
Refund Salary tax_Social security contribution;A&M; (30 000);Payroll 1;TAXES - Payroll
Refund Salary tax_Social security contribution;A&M; (260 400);Payroll 1;TAXES - Payroll
Refund Salary tax_Social security contribution;A&M; (119 275 148);Payroll 1;TAXES - Payroll
Refund Salary tax_Social security contribution;A&M; (574 352);Payroll 1;TAXES - Payroll
Refund Salary tax_Social security contribution;A&M; (43 206);Payroll 1;TAXES - Payroll
Refund Salary tax_Social security contribution;A&M; (532 322);Payroll 1;TAXES - Payroll
Refund Salary tax_Social security contribution;A&M; (1 838 032);Payroll 1;TAXES - Payroll
Refund Salary tax_Social security contribution;A&M; (25 010 400);Payroll 1;TAXES - Payroll
Refund Salary tax_Social security contribution;A&M; (2 089 120);Payroll 1;TAXES - Payroll
Refund Salary tax_Social security contribution;A&M; (1 273 610);Payroll 1;TAXES - Payroll
Transfer from UZS account to UZS Salary;NBU OF UZBEKISTAN;8 939 749;Cashbook;Payroll
Transfer from UZS account to UZS Salary;NBU OF UZBEKISTAN;9 120 563;Cashbook;Payroll
Transfer from UZS account to UZS Salary;NBU OF UZBEKISTAN;13 367 249;Cashbook;Payroll
Transfer from UZS account to UZS Salary;NBU OF UZBEKISTAN;3 205 776;Cashbook;Payroll
Bank fee for order 202 in UZS;NBU OF UZBEKISTAN;35 000;Cashbook;
Transfer from UZS account to Transit account;NBU OF UZBEKISTAN;7 000 000;Cashbook;
Transfer from UZS account to Transit account;NBU OF UZBEKISTAN;6 000 000;Cashbook;
Bank fee for order 204 in UZS;NBU OF UZBEKISTAN;30 000;Cashbook;
Bank fee for order 204 in UZS;NBU OF UZBEKISTAN;300;Cashbook;
Bank fee for order 201 in UZS;NBU OF UZBEKISTAN;601 457;Cashbook;
Office supply (furniture);Improve LLC;120 291 450;AP;Fixed assets purchase
Bank fee for order 201 in UZS;NBU OF UZBEKISTAN;300;Cashbook;
Office supply (furniture);Eurollo;22 000 053;AP;Fixed assets purchase
Transfer from UZS account to UZS Salary;NBU OF UZBEKISTAN;110 000;Cashbook;Payroll
Refund Salary tax_PIT;A&M; (28 769 977);Payroll 1;Payroll
Refund Salary tax_PIT;A&M; (2 930 968);Payroll 1;Payroll
Refund Salary tax_PIT;A&M; (277 146);Payroll 1;Payroll
Refund Salary tax_PIT;A&M; (266 917);Payroll 1;Payroll
Refund Salary tax_PIT;A&M; (852 980);Payroll 1;Payroll
Refund Salary tax_PIT;A&M; (909 074);Payroll 1;Payroll
Refund Salary tax_Social security contribution;A&M; (29 636 720);Payroll 1;TAXES - Payroll
Refund Salary tax_Social security contribution;A&M; (2 944 009);Payroll 1;TAXES - Payroll
Refund Salary tax_Social security contribution;A&M; (1 596 062);Payroll 1;TAXES - Payroll
Refund Salary tax_Social security contribution;A&M; (649 444);Payroll 1;TAXES - Payroll
Refund Salary tax_Social security contribution;A&M; (12 549);Payroll 1;TAXES - Payroll
Refund Salary tax_Social security contribution;A&M; (109 467 928);Payroll 1;TAXES - Payroll
Refund Salary tax_Social security contribution;A&M; (3 378 623);Payroll 1;TAXES - Payroll
Refund Salary tax_Social security contribution;A&M; (12 939 754);Payroll 1;TAXES - Payroll
Refund Salary tax_Social security contribution;A&M; (1 080 000);Payroll 1;TAXES - Payroll
Refund Salary tax_Social security contribution;A&M; (5 095 069);Payroll 1;TAXES - Payroll
Refund Salary tax_Social security contribution;A&M; (3 376 260);Payroll 1;TAXES - Payroll
Refund Salary tax_Social security contribution;A&M; (26 857 413);Payroll 1;TAXES - Payroll
Transfer from UZS account to UZS Salary;NBU OF UZBEKISTAN;2 905 711;Cashbook;Reimbursment exp
Transfer from UZS account to UZS Salary;NBU OF UZBEKISTAN;15 284 252;Cashbook;Reimbursment exp
Transfer from UZS account to UZS Salary;NBU OF UZBEKISTAN;44 528 121;Cashbook;Payroll
Transfer from UZS account to UZS Salary;NBU OF UZBEKISTAN;5 807 087;Cashbook;Reimbursment exp
Transfer from UZS account to UZS Salary;NBU OF UZBEKISTAN;32 239 185;Cashbook;Payroll
Transfer from UZS account to UZS Salary;NBU OF UZBEKISTAN;15 284 252;Cashbook;Reimbursment exp
taxi services;MyTaxi;2 321 344;AP;Travel&Transport
taxi services;MyTaxi;232 134;AP;Travel&Transport
Work Permit_Beleshova;Public Services Center Yunusobod;270 000;AP;Work permits
Refund from Transit account to UZS account;NBU OF UZBEKISTAN; (13 000 000);Cashbook;
Bank fee for order 209,210 in UZS;NBU OF UZBEKISTAN;12 767;Cashbook;
Bank fee for order 209,210,218 in UZS;NBU OF UZBEKISTAN;900;Cashbook;
Transfer from UZS account to Transit account;NBU OF UZBEKISTAN;6 000 000;Cashbook;
Transfer from UZS account to Transit account;NBU OF UZBEKISTAN;7 000 000;Cashbook;
Transfer from UZS account to UZS Salary;NBU OF UZBEKISTAN;3 504 350;Cashbook;Payroll
Transfer from UZS account to UZS Salary;NBU OF UZBEKISTAN; (1 673 990);Cashbook;Payroll
Transfer from UZS account to UZS Salary;NBU OF UZBEKISTAN;436 397 536;Cashbook;Payroll
Currency exchange EUR/UZS;NBU OF UZBEKISTAN; (561 100 000);Cashbook;
Transfer from UZS account to UZS Salary;NBU OF UZBEKISTAN;1 631 450;Cashbook;Payroll
Transfer from UZS account to UZS Salary;NBU OF UZBEKISTAN;165 543 478;Cashbook;Payroll
Bank fee for order 227 in UZS;NBU OF UZBEKISTAN;300;Cashbook;
Bank fee for order 226 in UZS;NBU OF UZBEKISTAN;21 353;Cashbook;
Bank fee for order 226 in UZS;NBU OF UZBEKISTAN;300;Cashbook;
Recruiting Agency Fees;Hel Den LLC;4 270 570;AP;Recruitment Fees
Supplies Kitchen;Shaffof Servis;2 500 000;AP;Office supply
Bank fee for order 228 in UZS;NBU OF UZBEKISTAN;2 200;Cashbook;
Bank fee for order 228 in UZS;NBU OF UZBEKISTAN;300;Cashbook;
Supplies Kitchen;Shaffof Servis;440 000;AP;Office supply
Bank fee for order 227 in UZS;NBU OF UZBEKISTAN;12 500;Cashbook;
Transfer from UZS account to UZS Salary;NBU OF UZBEKISTAN;16 375 984;Cashbook;Payroll
Supplies Kitchen;Premium Tea Group ;10 855 000;AP;Office supply
Bank fee for order 229 in UZS;NBU OF UZBEKISTAN;300;Cashbook;
Bank fee for order 229 in UZS;NBU OF UZBEKISTAN;54 275;Cashbook;
Transfer from UZS account to UZS Salary;NBU OF UZBEKISTAN;250 000;Cashbook;Payroll
Bank fee for order 232 in UZS;NBU OF UZBEKISTAN;300;Cashbook;
Work Permit_Beleshova;Public Services Center Yunusobod;9 000 000;AP;Work permits
Bank fee for order 221 in UZS;NBU OF UZBEKISTAN;30 000;Cashbook;
Bank fee for order 220 in UZS;NBU OF UZBEKISTAN;35 000;Cashbook;
Transfer from UZS account to UZS Salary;NBU OF UZBEKISTAN;15 807 664;Cashbook;Payroll
Transfer from UZS account to UZS Salary;NBU OF UZBEKISTAN;8 585 197;Cashbook;Payroll
Rent Paid;OOO Invest Assets Plus;1 304 348;AP;Office rent 
Office supply ;Kansler LLC;5 651 400;AP;Office supply
Bank fee for order 235 in UZS;NBU OF UZBEKISTAN;300;Cashbook;
Bank fee for order 235 in UZS;NBU OF UZBEKISTAN;6 522;Cashbook;
Bank fee for order 236 in UZS;NBU OF UZBEKISTAN;300;Cashbook;
Bank fee for order 236 in UZS;NBU OF UZBEKISTAN;28 257;Cashbook;
Bank fee for order 743758 in EUR account;NBU OF UZBEKISTAN;87 547;Cashbook;
Bank fee for order 743758 in EUR account;NBU OF UZBEKISTAN;255 000;Cashbook;
Bank fee for order 239 in UZS;NBU OF UZBEKISTAN;9 315;Cashbook;
network hardware;COMPUTER COMPONENTS;1 863 000;AP;Information Technology 
Bank fee for order 239 in UZS;NBU OF UZBEKISTAN;300;Cashbook;
Bank fee for order 237 in UZS;NBU OF UZBEKISTAN;300;Cashbook;
Supplies Kitchen ;NEXT ARTIFICIAL SOLUTIONS;1 020 000;AP;Office supply
Bank fee for order 237 in UZS;NBU OF UZBEKISTAN;5 100;Cashbook;
Bank fee for order 238 in UZS;NBU OF UZBEKISTAN;300;Cashbook;
Internet;Uzbektelecom;6 029 355;AP;Telephone, internet
Bank fee for order 238 in UZS;NBU OF UZBEKISTAN;30 147;Cashbook;
Transfer from UZS account to Transit account;NBU OF UZBEKISTAN;7 000 000;Cashbook;
Bank fee for order 240 in UZS;NBU OF UZBEKISTAN;35 000;Cashbook;
Refund of payment for tender participation ;JV XT-Xarid TexnologiyalariLTD; (218 000 000);AP;Tenders' participation
Bank fee for order 242 in UZS;NBU OF UZBEKISTAN;177 292;Cashbook;
Rent Paid;OOO Invest Assets Plus;157 697 492;AP;Office rent 
Bank fee for order 242 in UZS;NBU OF UZBEKISTAN;300;Cashbook;
Bank fee for order 241 in UZS;NBU OF UZBEKISTAN;788 487;Cashbook;
Bank fee for order 241 in UZS;NBU OF UZBEKISTAN;300;Cashbook;
travel expenses-tickets;Lango;35 458 305;AP;Travel&Transport
travel expenses-tickets;Lango;675 000;AP;Travel&Transport
Bank fee for order 244 in UZS;NBU OF UZBEKISTAN;3 375;Cashbook;
Bank fee for order 243 in UZS;NBU OF UZBEKISTAN;300;Cashbook;
Bank fee for order 243 in UZS;NBU OF UZBEKISTAN;1 000;Cashbook;
Bank fee for order 244 in UZS;NBU OF UZBEKISTAN;300;Cashbook;
travel expenses-hotels;Lango;16 498 000;AP;Travel&Transport
travel expenses_service fees;Lango;200 000;AP;Travel&Transport
Bank fee for order 245 in UZS;NBU OF UZBEKISTAN;300;Cashbook;
Bank fee for order 245 in UZS;NBU OF UZBEKISTAN;82 490;Cashbook;
Bank fee for order 246 in UZS;NBU OF UZBEKISTAN;300;Cashbook;
Work Permit_Astakhov;Treasury of the Ministry of Finance;270 000;AP;Work permits
Transfer from UZS account to UZS Salary;NBU OF UZBEKISTAN;1 103 811;Cashbook;Payroll
apartment rent (Samutichev);Najmiddinova Mekhrigul;4 316 657;AP;Business Development 
Bank fee for order 248 in UZS;NBU OF UZBEKISTAN;300;Cashbook;
Bank fee for order 248 in UZS;NBU OF UZBEKISTAN;21 583;Cashbook;
Currency exchange EUR/UZS;NBU OF UZBEKISTAN; (867 600 000);Cashbook;
Transfer from UZS account to UZS Salary;NBU OF UZBEKISTAN;509 592 279;Cashbook;Payroll
Bank fee for order 247 in UZS;NBU OF UZBEKISTAN;5 110;Cashbook;
Bank fee for order 247 in UZS;NBU OF UZBEKISTAN;300;Cashbook;
parking services;OOO Invest Assets Plus;1 021 935;AP;Office rent 
Bank fee for order 251 in UZS;NBU OF UZBEKISTAN;300;Cashbook;
accounting services in August 2022;MAZARS ADVISORY LLC __ Ê;43 654 603;AP;Accounting Services 
Bank fee for order 251 in UZS;NBU OF UZBEKISTAN;218 273;Cashbook;
Subletting agreement _ 40__-___  10.06.2022_;A&M PE UZB; (12 919 893);AR;Office rent 
Team meeting_meal;EXTRA KITCHEN GROUP;1 716 375;AP;Practice Development
BD meal(Latipov_Davidov_NMMC);NAVOIY TINCH TEKSTIL;1 644 500;AP;Practice Development
Transfer from Transit account to Corp Card;NBU OF UZBEKISTAN; (7 000 000);Cashbook;
BD meal(Avesta_Srapionov);Bistecca LLC;1 721 500;AP;Practice Development
BD meal(Djurabekov_Minenergy);Extra Kitchen Group LLC;1 083 375;AP;Practice Development
Printing for presentation outside;KHK PRINTUZ;3 343 050;AP;All other
Office supplies;UNIVERSAL HOME;759 100;AP;Office supply
Office supplies- vacuum cleaner;ATE LLC;5 621 000;AP;Office supply
Transfer from Transit account to Corp Card;NBU OF UZBEKISTAN; (6 000 000);Cashbook;
Supplies Kitchen;ANGLESEY FOOD DP LLC;75 740;AP;Office supply
Supplies Kitchen ;Mediapark Group LLC;2 246 000;AP;Office supply
Supplies Kitchen ;Dostlar Biznes Group;63 000;AP;Office supply
Supplies Kitchen ;YATT PAK SERGEY VLADIMIROVICH;543 000;AP;Office supply
Supplies Kitchen ;Home Garden LLC;834 900;AP;Office supply
Supplies Kitchen ;Majid Al Futtaim LLC;811 500;AP;Office supply
Supplies Kitchen ;HOTPOINT STORE;117 000;AP;Office supply
Transfer from Transit account to Corp Card;NBU OF UZBEKISTAN; (7 000 000);Cashbook;
Supplies Kitchen ;Strou City Plus LLC;53 970;AP;Office supply
consulting services_Anastasyev;A&M;3 520;Payroll 1;Subcontractors
Intercompany loan;Alvarez and Marsal Europe Holdings Limited; (449 894);Cashbook;
Currency exchange EUR/UZS;NBU OF UZBEKISTAN;50 000;Cashbook;
Consulting services;Shneider Group;5 347;AP;Legal & Tax consulting Fees
Currency exchange EUR/UZS;NBU OF UZBEKISTAN;80 000;Cashbook;
Bank fee on foreign banks;NBU OF UZBEKISTAN;14;Cashbook;
Bank fee for a payment order 254 in UZS;NBU OF UZBEKISTAN;5 411;Cashbook;
apartment rent (Chuykov);Zoirova Surayyo;5 411 264;AP;Business Development 
taxi services;My Taxi;281 764;AP;Travel&Transport
Bank fee for a payment order 253 in UZS;NBU OF UZBEKISTAN;14 088;Cashbook;
taxi services;My Taxi;2 817 642;AP;Travel&Transport
Bank fee for a payment order 252 in UZS;NBU OF UZBEKISTAN;300;Cashbook;
Bank fee for a payment order 253 in UZS;NBU OF UZBEKISTAN;1 409;Cashbook;
Bank fee for a payment order 252 in UZS;NBU OF UZBEKISTAN;300;Cashbook;
Transfer from UZS account to UZS Salary;NBU OF UZBEKISTAN;16 281 948;Cashbook;
Bank fee for a payment order 256 in UZS;NBU OF UZBEKISTAN;300;Cashbook;
mobile phone services;COSCOM LLC;5 000 000;AP;Telephone, internet
Bank fee for a payment order 256 in UZS;NBU OF UZBEKISTAN;25 000;Cashbook;
Bank fee for a payment order 257 in UZS;NBU OF UZBEKISTAN;300;Cashbook;
Work permit_Astakhov;Treasury of the Ministry of Finance;300 000;AP;Work permits
Bank fee for a payment order 767876 in EUR ;NBU OF UZBEKISTAN;143 847;Cashbook;
Bank fee for a payment order 767876 in EUR ;NBU OF UZBEKISTAN;255 000;Cashbook;
Transfer from UZS account to UZS Salary;NBU OF UZBEKISTAN;7 642 126;Cashbook;Payroll
VAT_tax agent;A&M;8 887 193;Cashbook;Taxes - VAT
Transfer from UZS account to UZS Salary;NBU OF UZBEKISTAN;30 568 504;Cashbook;Payroll
Transfer from UZS account to UZS Salary;NBU OF UZBEKISTAN;27 636 157;Cashbook;Payroll
Transfer from UZS account to UZS Salary;NBU OF UZBEKISTAN;5 519 055;Cashbook;Payroll
Consulting services;Schneider Group;6 500 000;AP;Accounting Services 
Bank fee for a payment order 267 in UZS;NBU OF UZBEKISTAN;6 500;Cashbook;
travel expenses-tickets;Lango;51 224 924;AP;Travel&Transport
Bank fee for a payment order 263 in UZS;NBU OF UZBEKISTAN;300;Cashbook;
Bank fee for a payment order 263 in UZS;NBU OF UZBEKISTAN;256 125;Cashbook;
travel expenses_service fees;Lango;400 000;AP;Travel&Transport
travel expenses-tickets;Lango;1 504 140;AP;Travel&Transport
Bank fee for a payment order 265 in UZS;NBU OF UZBEKISTAN;68 420;Cashbook;
Bank fee for a payment order 265 in UZS;NBU OF UZBEKISTAN;300;Cashbook;
Bank fee for a payment order 266 in UZS;NBU OF UZBEKISTAN;300;Cashbook;
travel expenses-hotels;Lango;13 684 000;AP;Travel&Transport
legal services;Centil;16 443 000;AP;Legal & Tax consulting Fees
Bank fee for a payment order 266 in UZS;NBU OF UZBEKISTAN;7 521;Cashbook;
Bank fee for a payment order 264 in UZS;NBU OF UZBEKISTAN;300;Cashbook;
Bank fee for a payment order 264 in UZS;NBU OF UZBEKISTAN;2 000;Cashbook;
Bank fee for a payment order 268 in UZS;NBU OF UZBEKISTAN;82 215;Cashbook;
Bank fee for a payment order 268 in UZS;NBU OF UZBEKISTAN;300;Cashbook;
Transfer from UZS account to UZS Salary;NBU OF UZBEKISTAN;673 180;Cashbook;Reimbursment exp
Transfer from UZS account to UZS Salary;NBU OF UZBEKISTAN;328 600;Cashbook;Reimbursment exp
Transfer from UZS account to UZS Salary;NBU OF UZBEKISTAN;2 000 000;Cashbook;Reimbursment exp
Transfer from UZS account to UZS Salary;NBU OF UZBEKISTAN;1 600 972;Cashbook;Reimbursment exp
Transfer from UZS account to UZS Salary;NBU OF UZBEKISTAN;701 500;Cashbook;Reimbursment exp
Transfer from UZS account to UZS Salary;NBU OF UZBEKISTAN;35 000;Cashbook;Reimbursment exp
Currency exchange EUR/UZS;NBU OF UZBEKISTAN; (196 614 000);Cashbook;
Currency exchange EUR/UZS;NBU OF UZBEKISTAN; (273 075 000);Cashbook;
Transfer from UZS account to UZS Salary;NBU OF UZBEKISTAN;524 692 640;Cashbook;Payroll
Internet;Uzbektelecom;19 900 000;AP;Telephone, internet
Bank fee for a payment order 276 in UZS;NBU OF UZBEKISTAN;300;Cashbook;
Salary tax_Social security contribution;A&M;172 620 000;Payroll 1;TAXES - Payroll
Bank fee for a payment order 276 in UZS;NBU OF UZBEKISTAN;99 500;Cashbook;
Bank fee for a payment order 9842085948 in UZS;NBU OF UZBEKISTAN;300;Cashbook;
Salary tax_Social security contribution;A&M;172 618 458;Payroll 1;TAXES - Payroll
Transfer from UZS account to UZS Salary;NBU OF UZBEKISTAN;3 843 819;Cashbook;Reimbursment exp
Bank fee for a payment order 282 in UZS;NBU OF UZBEKISTAN;26 580;Cashbook;
Bank fee for a payment order 282 in UZS;NBU OF UZBEKISTAN;300;Cashbook;
Bank fee for a payment order 281 in UZS;NBU OF UZBEKISTAN;11 500;Cashbook;
Bank fee for a payment order 281 in UZS;NBU OF UZBEKISTAN;300;Cashbook;
office furniture certification;Best Expert Result;5 316 030;AP;Fixed assets purchase
Consulting services;Best Expert Result;2 300 000;AP;Fixed assets purchase
Currency exchange EUR/UZS;NBU OF UZBEKISTAN; (164 145 000);Cashbook;
Bank fee for a payment order 283 in UZS;NBU OF UZBEKISTAN;300;Cashbook;
Bank fee for a payment order 283 in UZS;NBU OF UZBEKISTAN;6 531;Cashbook;
Office supply ;Kansler LLC;1 306 200;AP;Office supply
certification services;Uzbek Center for Scientific Teasting and Quality Control;5 316 030;AP;Fixed assets purchase
Bank fee for a payment order 284 in UZS;NBU OF UZBEKISTAN;300;Cashbook;
Bank fee for a payment order 284 in UZS;NBU OF UZBEKISTAN;26 580;Cashbook;
Refund of payment;Best Expert Result; (5 316 030);AP;Fixed assets purchase
travel expenses-hotels;Lango;20 054 600;AP;Travel&Transport
Bank fee for a payment order 286 in UZS;NBU OF UZBEKISTAN;100 273;Cashbook;
Bank fee for a payment order 286 in UZS;NBU OF UZBEKISTAN;300;Cashbook;
Bank fee for a payment order 288 in UZS;NBU OF UZBEKISTAN;300;Cashbook;
Bank fee for a payment order 287 in UZS;NBU OF UZBEKISTAN;300;Cashbook;
Bank fee for a payment order 288 in UZS;NBU OF UZBEKISTAN;392 223;Cashbook;
travel expenses-service fees;Lango;100 000;AP;Travel&Transport
travel expenses-tickets;Lango;78 444 602;AP;Travel&Transport
Bank fee for a payment order 287 in UZS;NBU OF UZBEKISTAN;500;Cashbook;
Transfer from UZS account to UZS Salary;NBU OF UZBEKISTAN;4 886 129;Cashbook;
Currency exchange EUR/UZS;NBU OF UZBEKISTAN; (1 332 500 000);Cashbook;
Transfer from UZS account to UZS Salary;NBU OF UZBEKISTAN;939 676 547;Cashbook;Payroll
Bank fee for a payment order 289 in UZS;NBU OF UZBEKISTAN;13 200;Cashbook;
parking services;OOO Invest Assets Plus;2 640 000;AP;Office rent 
Bank fee for a payment order 289 in UZS;NBU OF UZBEKISTAN;300;Cashbook;
Bank fee for a payment order 290 in UZS;NBU OF UZBEKISTAN;300;Cashbook;
Bank fee for a payment order 290 in UZS;NBU OF UZBEKISTAN;15 000;Cashbook;
cleaning services (September);OOO Invest Assets Plus;3 000 000;AP;Office rent 
Bank fee for a payment order 294 in UZS;NBU OF UZBEKISTAN;300;Cashbook;
Salary tax_Social security contribution;A&M;189 115 000;Payroll 1;TAXES - Payroll
Bank fee for a payment order 291 in UZS;NBU OF UZBEKISTAN;788 487;Cashbook;
Bank fee for a payment order 291 in UZS;NBU OF UZBEKISTAN;300;Cashbook;
Rent Paid;OOO Invest Assets Plus;157 697 492;AP;Office rent 
Salary tax_PIT;A&M;37 700 000;Payroll 1;TAXES - Payroll
Bank fee for a payment order 293 in UZS;NBU OF UZBEKISTAN;300;Cashbook;
Subletting agreement _ 40__-___  10.06.2022_;A&M PE UZB; (12 919 893);AR;Office rent 
Entertainment_Mohamed Al Lawati;ALLIANCE BAKERY;623 700;AP;Business Development 
Supplies Kitchen ;ANGLESEY FOOD DP LLC;53 470;AP;Office supply
Supplies Kitchen ;YATT PAK SERGEY VLADIMIROVICH;500 000;AP;Office supply
Supplies Kitchen ;Home Garden LLC;462 600;AP;Office supply
Supplies Kitchen ;YATT TURSUNOV MUROD XAKIM;560 775;AP;Office supply
Supplies Kitchen ;YATT TURSUNOV MUROD XAKIM;832 275;AP;Office supply
Supplies Kitchen ;HOME DEPOT BUILDINGS;18 000;AP;Office supply
Office supplies_first aid kit;ANVAR  FARMSERVIS;1 210 000;AP;Office supply
Supplies Kitchen ;HOME DEPOT BUILDINGS;151 410;AP;Office supply
Supplies Kitchen ;DOSTLAR BIZNES GROUP LLC;267 000;AP;Office supply
Supplies Kitchen ;GOLD MIRACLE;471 000;AP;Office supply
Supplies Kitchen ;ANGLESEY FOOD DP LLC;423 750;AP;Office supply
Supplies Kitchen ;ANGLESEY FOOD DP LLC;320 890;AP;Office supply
Supplies Kitchen ;YATT SIDIKXODJAYEV NAZIRXON;860 000;AP;Office supply
Office supplies;ASIA CLEAN CENTER LLC;335 000;AP;Office supply
consulting servises_Kouznetsov;A&M;8 800;Payroll 1;Subcontractors
Currency exchange EUR/UZS;NBU OF UZBEKISTAN;18 000;Cashbook;
Currency exchange EUR/UZS;NBU OF UZBEKISTAN;25 000;Cashbook;
Currency exchange EUR/UZS;NBU OF UZBEKISTAN;15 000;Cashbook;
Bank fee on foreign banks;NBU OF UZBEKISTAN;7;Cashbook;
Currency exchange EUR/UZS;NBU OF UZBEKISTAN;125 000;Cashbook;
Refund Salary tax_Social security contribution;A&M; (25 623 871);Payroll 1;TAXES - Payroll
Transfer from UZS account to UZS Salary;NBU OF UZBEKISTAN;1 602 363;Cashbook;Reimbursment exp
Bank fee for a payment order 297 in UZS;NBU OF UZBEKISTAN;5 411;Cashbook;
Bank fee for a payment order 298 in UZS;NBU OF UZBEKISTAN;595;Cashbook;
apartment rent (Samutichev);Najmiddinova Mekhrigul;4 316 657;AP;Business Development 
apartment rent (Chuykov);Zoirova Surayyo;594 569;AP;Business Development 
apartment rent (Chuykov);Zoirova Surayyo;5 411 264;AP;Business Development 
Bank fee for a payment order 299 in UZS;NBU OF UZBEKISTAN;300;Cashbook;
Bank fee for a payment order 301 in UZS;NBU OF UZBEKISTAN;300;Cashbook;
Bank fee for a payment order 300 in UZS;NBU OF UZBEKISTAN;7 121;Cashbook;
Bank fee for a payment order 300 in UZS;NBU OF UZBEKISTAN;300;Cashbook;
Bank fee for a payment order 299 in UZS;NBU OF UZBEKISTAN;21 583;Cashbook;
accounting services in October 2022;MAZARS ADVISORY LLC __ Ê;43 654 603;AP;Accounting Services 
apartment rent (Samutichev);Najmiddinova Mekhrigul;1 424 117;AP;Business Development 
Bank fee for a payment order 301 in UZS;NBU OF UZBEKISTAN;218 273;Cashbook;
Refund Salary tax_Social security contribution;A&M; (146 996 129);Payroll 1;TAXES - Payroll
Transfer from UZS account to UZS Salary;NBU OF UZBEKISTAN;9 461 680;Cashbook;Payroll
Bank fee for a payment order 302 in UZS;NBU OF UZBEKISTAN;139 358;Cashbook;
Conferences- Other;CONGRESSES OF CENTRAL ASIA LLC;27 871 526;AP;Business Development 
Bank fee for a payment order 302 in UZS;NBU OF UZBEKISTAN;300;Cashbook;