Description,Vendor,Type,Expense type (CF)
Accounting services,Mazars Advisory LLC,AP,Accounting Services 
accounting services in July 2022,MAZARS ADVISORY LLC __ Ê,AP,Accounting Services 
accounting services in August 2022,MAZARS ADVISORY LLC __ Ê,AP,Accounting Services 
Consulting services,Schneider Group,AP,Accounting Services 
accounting services in October 2022,MAZARS ADVISORY LLC __ Ê,AP,Accounting Services 
bank token,KDB Bank Uzbekistan,AP,Accounting Services 
Delivery services,BTS Express Cargo Services,AP,All other
courier services,BTS Express Cargo Services,AP,All other
Printing for presentation outside,KHK PRINTUZ,AP,All other
Conversion EUR to UZS,NBU OF UZBEKISTAN,Cashbook,Cashbook
Bank fee for a payment order 7 in UZS,NBU OF UZBEKISTAN,Cashbook,Cashbook
Bank fee for a payment order 8 in UZS,NBU OF UZBEKISTAN,Cashbook,Cashbook
Bank fee for a payment order 9 in UZS,NBU OF UZBEKISTAN,Cashbook,Cashbook
Bank fee for a payment order 10 in UZS,NBU OF UZBEKISTAN,Cashbook,Cashbook
Bank fee for a payment order 11 in UZS,NBU OF UZBEKISTAN,Cashbook,Cashbook
Bank fee for a payment order 12 in UZS,NBU OF UZBEKISTAN,Cashbook,Cashbook
Bank fee for a payment order 13 in UZS,NBU OF UZBEKISTAN,Cashbook,Cashbook
Bank fee for a payment order 14 in UZS,NBU OF UZBEKISTAN,Cashbook,Cashbook
Bank fee for a payment order 15 in UZS,NBU OF UZBEKISTAN,Cashbook,Cashbook
Bank fee for a payment order 16 in UZS,NBU OF UZBEKISTAN,Cashbook,Cashbook
Bank fee for a payment order 17 in UZS,NBU OF UZBEKISTAN,Cashbook,Cashbook
Bank fee for a payment order 18 in UZS,NBU OF UZBEKISTAN,Cashbook,Cashbook
Bank fee for a payment order 20 in UZS,NBU OF UZBEKISTAN,Cashbook,Cashbook
Bank fee for a payment order 21 in UZS,NBU OF UZBEKISTAN,Cashbook,Cashbook
Bank fee for a payment order 22 in UZS,NBU OF UZBEKISTAN,Cashbook,Cashbook
Bank fee for a payment order 29 in UZS,NBU OF UZBEKISTAN,Cashbook,Cashbook
Bank fee for a payment order 30 in UZS,NBU OF UZBEKISTAN,Cashbook,Cashbook
Bank fee for a payment order 24 in UZS,NBU OF UZBEKISTAN,Cashbook,Cashbook
Bank fee for a payment order 25 in UZS,NBU OF UZBEKISTAN,Cashbook,Cashbook
Bank fee for a payment order 27 in UZS,NBU OF UZBEKISTAN,Cashbook,Cashbook
Bank fee for a payment order 28 in UZS,NBU OF UZBEKISTAN,Cashbook,Cashbook
Bank fee for a payment order 26 in UZS,NBU OF UZBEKISTAN,Cashbook,Cashbook
Transfer from UZS account to Corp Card,NBU OF UZBEKISTAN,Cashbook,Cashbook
Bank fee for a payment order 36 in UZS,NBU OF UZBEKISTAN,Cashbook,Cashbook
Bank fee for a payment order 37 in UZS,NBU OF UZBEKISTAN,Cashbook,Cashbook
Bank fee for a payment order 41 in UZS,NBU OF UZBEKISTAN,Cashbook,Cashbook
Bank fee for a payment order 42 in UZS,NBU OF UZBEKISTAN,Cashbook,Cashbook
Bank fee for a payment order 44 in UZS,NBU OF UZBEKISTAN,Cashbook,Cashbook
Bank fee for a payment order 49 in UZS,NBU OF UZBEKISTAN,Cashbook,Cashbook
Bank fee for a payment order 45 in UZS,NBU OF UZBEKISTAN,Cashbook,Cashbook
Bank fee for a payment order 47 in UZS,NBU OF UZBEKISTAN,Cashbook,Cashbook
Bank fee for a payment order 46 in UZS,NBU OF UZBEKISTAN,Cashbook,Cashbook
Bank fee for a payment order 50 in UZS,NBU OF UZBEKISTAN,Cashbook,Cashbook
Bank fee for a payment order 43 in UZS,NBU OF UZBEKISTAN,Cashbook,Cashbook
Bank fee for a payment order 48 in UZS,NBU OF UZBEKISTAN,Cashbook,Cashbook
Bank fee for a payment order 51 in UZS,NBU OF UZBEKISTAN,Cashbook,Cashbook
Funding from UZS account ,NBU OF UZBEKISTAN,Cashbook,Cashbook
Loan from A&M,Alvarez & Marsal Europe Holdings Limited,AP,Cashbook
_onversion EUR to UZS,NBU OF UZBEKISTAN,Cashbook,Cashbook
Bank fee for a payment order 61 in UZS,NBU OF UZBEKISTAN,Cashbook,Cashbook
Bank fee for a payment order 57 in UZS,NBU OF UZBEKISTAN,Cashbook,Cashbook
Bank fee for a payment order 56 in UZS,NBU OF UZBEKISTAN,Cashbook,Cashbook
Bank fee for a payment order 55 in UZS,NBU OF UZBEKISTAN,Cashbook,Cashbook
Bank fee for a payment order 58 in UZS,NBU OF UZBEKISTAN,Cashbook,Cashbook
Bank fee for a payment order 59 in UZS,NBU OF UZBEKISTAN,Cashbook,Cashbook
Bank fee for a payment order 53 in UZS,NBU OF UZBEKISTAN,Cashbook,Cashbook
Bank fee for a payment order 52 in UZS,NBU OF UZBEKISTAN,Cashbook,Cashbook
Bank fee for a payment order 54 in UZS,NBU OF UZBEKISTAN,Cashbook,Cashbook
Bank fee for a payment order 60 in UZS,NBU OF UZBEKISTAN,Cashbook,Cashbook
Bank fee for a payment order 62 in UZS,NBU OF UZBEKISTAN,Cashbook,Cashbook
Bank fee for a payment order 65 in UZS,NBU OF UZBEKISTAN,Cashbook,Cashbook
Bank fee for a payment order 64 in UZS,NBU OF UZBEKISTAN,Cashbook,Cashbook
Bank fee for a payment order 63 in UZS,NBU OF UZBEKISTAN,Cashbook,Cashbook
Bank fee for a payment order 66 in UZS,NBU OF UZBEKISTAN,Cashbook,Cashbook
Transfer from Corp Card account to UZS,NBU OF UZBEKISTAN,Cashbook,Cashbook
Bank fee for a payment order 67 in UZS,NBU OF UZBEKISTAN,Cashbook,Cashbook
Bank fee for a payment order 70 in UZS,NBU OF UZBEKISTAN,Cashbook,Cashbook
Bank fee for a payment order 72 in UZS,NBU OF UZBEKISTAN,Cashbook,Cashbook
Bank fee for a payment order 69 in UZS,NBU OF UZBEKISTAN,Cashbook,Cashbook
Bank fee for a payment order 68 in UZS,NBU OF UZBEKISTAN,Cashbook,Cashbook
Bank fee for a payment order 71 in UZS,NBU OF UZBEKISTAN,Cashbook,Cashbook
Bank fee for a payment order 73 in UZS,NBU OF UZBEKISTAN,Cashbook,Cashbook
Bank fee for a payment order 74 in UZS,NBU OF UZBEKISTAN,Cashbook,Cashbook
Bank services,NBU OF UZBEKISTAN,Cashbook,Cashbook
Bank fee for a payment order 77 in UZS,NBU OF UZBEKISTAN,Cashbook,Cashbook
Bank fee for a payment order 75 in UZS,NBU OF UZBEKISTAN,Cashbook,Cashbook
Bank fee for a payment order 78 in UZS,NBU OF UZBEKISTAN,Cashbook,Cashbook
Bank fee for a payment order 31 in UZS,NBU OF UZBEKISTAN,Cashbook,Cashbook
Bank fee for a payment order 32 in UZS,NBU OF UZBEKISTAN,Cashbook,Cashbook
Bank fee for a payment order 33 in UZS,NBU OF UZBEKISTAN,Cashbook,Cashbook
Bank fee for a payment order 79 in UZS,NBU OF UZBEKISTAN,Cashbook,Cashbook
Bank fee for a payment order 85 in UZS,NBU OF UZBEKISTAN,Cashbook,Cashbook
Bank fee for a payment order 89 in UZS,NBU OF UZBEKISTAN,Cashbook,Cashbook
Bank fee for a payment order 86 in UZS,NBU OF UZBEKISTAN,Cashbook,Cashbook
Bank fee for a payment order 88 in UZS,NBU OF UZBEKISTAN,Cashbook,Cashbook
Bank fee for a payment order 87 in UZS,NBU OF UZBEKISTAN,Cashbook,Cashbook
Bank fee for a payment order 90 in UZS,NBU OF UZBEKISTAN,Cashbook,Cashbook
Bank fee for a payment order 91 in UZS,NBU OF UZBEKISTAN,Cashbook,Cashbook
Bank fee for a payment order 93 in UZS,NBU OF UZBEKISTAN,Cashbook,Cashbook
Bank fee for a payment order 94 in UZS,NBU OF UZBEKISTAN,Cashbook,Cashbook
Bank fee for a payment order 96 in UZS,NBU OF UZBEKISTAN,Cashbook,Cashbook
Bank fee for a payment order 107 in UZS,NBU OF UZBEKISTAN,Cashbook,Cashbook
Bank fee for a payment order 106 in UZS,NBU OF UZBEKISTAN,Cashbook,Cashbook
Bank fee for a payment order 105 in UZS,NBU OF UZBEKISTAN,Cashbook,Cashbook
Bank fee for a payment order 103 in UZS,NBU OF UZBEKISTAN,Cashbook,Cashbook
Bank fee for a payment order 104 in UZS,NBU OF UZBEKISTAN,Cashbook,Cashbook
Bank fee for a payment order 109 in UZS,NBU OF UZBEKISTAN,Cashbook,Cashbook
Bank fee for a payment order 110 in UZS,NBU OF UZBEKISTAN,Cashbook,Cashbook
Currency Exchange EUR UZS,NBU OF UZBEKISTAN,Cashbook,Cashbook
Bank fee for order 131 in UZS,NBU OF UZBEKISTAN,Cashbook,Cashbook
Bank fee for order 130 in UZS,NBU OF UZBEKISTAN,Cashbook,Cashbook
Bank fee for order 132 in UZS,NBU OF UZBEKISTAN,Cashbook,Cashbook
Bank fee for order 124 in UZS,NBU OF UZBEKISTAN,Cashbook,Cashbook
Bank fee for order 126 in UZS,NBU OF UZBEKISTAN,Cashbook,Cashbook
Bank fee for order 125 in UZS,NBU OF UZBEKISTAN,Cashbook,Cashbook
Bank fee for order 127 in UZS,NBU OF UZBEKISTAN,Cashbook,Cashbook
Bank fee for order 129 in UZS,NBU OF UZBEKISTAN,Cashbook,Cashbook
Bank fee for order 128 in UZS,NBU OF UZBEKISTAN,Cashbook,Cashbook
Currency Exchange EUR UZS,A&M,Cashbook,Cashbook
Bank fee for order 133 in UZS,NBU OF UZBEKISTAN,Cashbook,Cashbook
Bank fee for order 2 in RUB account in UZS,NBU OF UZBEKISTAN,Cashbook,Cashbook
Bank fee for order 2 in RUB account in UZS SWIFT,NBU OF UZBEKISTAN,Cashbook,Cashbook
Transfer from UZS account to Corp Card,A&M,Cashbook,Cashbook
Bank fee for order 170 in UZS,NBU OF UZBEKISTAN,Cashbook,Cashbook
Bank fee for order 167 in UZS,NBU OF UZBEKISTAN,Cashbook,Cashbook
Bank fee for order 169 in UZS,NBU OF UZBEKISTAN,Cashbook,Cashbook
Bank fee for order 168 in UZS,NBU OF UZBEKISTAN,Cashbook,Cashbook
Bank fee for order 171 in UZS,NBU OF UZBEKISTAN,Cashbook,Cashbook
Bank fee for order 172 in UZS,NBU OF UZBEKISTAN,Cashbook,Cashbook
Bank fee for order 173 in UZS,NBU OF UZBEKISTAN,Cashbook,Cashbook
Bank fee for order 9786131840  in UZS,NBU OF UZBEKISTAN,Cashbook,Cashbook
Bank fee for order 176  in UZS,NBU OF UZBEKISTAN,Cashbook,Cashbook
Bank fee for order 174  in UZS,NBU OF UZBEKISTAN,Cashbook,Cashbook
Bank fee for order 175  in UZS,NBU OF UZBEKISTAN,Cashbook,Cashbook
Bank fee for order 178 in UZS,NBU OF UZBEKISTAN,Cashbook,Cashbook
Bank fee for order 179 in UZS,NBU OF UZBEKISTAN,Cashbook,Cashbook
Currency Exchange EUR UZS,NBU OF UZBEKISTAN,Cashbook,Cashbook
Intercompany loan,Alvarez and Marsal Europe Holdings Limited,Cashbook,Cashbook
Currency Exchange EUR RUB,NBU OF UZBEKISTAN,Cashbook,Cashbook
Transfer from EUR account to RUB Account,NBU OF UZBEKISTAN,Cashbook,Cashbook
Bank fee for order 183 in UZS,NBU OF UZBEKISTAN,Cashbook,Cashbook
Bank fee for order 184 in UZS,NBU OF UZBEKISTAN,Cashbook,Cashbook
Bank fee for Corp Card 200,NBU OF UZBEKISTAN,Cashbook,Cashbook
Bank fee for Corp Card 201,NBU OF UZBEKISTAN,Cashbook,Cashbook
Bank fee for order 299280731 in UZS,NBU OF UZBEKISTAN,Cashbook,Cashbook
Bank fee for order 299280732 in UZS,NBU OF UZBEKISTAN,Cashbook,Cashbook
Bank fee for order 185 in UZS,NBU OF UZBEKISTAN,Cashbook,Cashbook
Bank fee for order 187 in UZS,NBU OF UZBEKISTAN,Cashbook,Cashbook
Bank fee for order 186 in UZS,NBU OF UZBEKISTAN,Cashbook,Cashbook
Bank fee for order 725701 in EUR account,NBU OF UZBEKISTAN,Cashbook,Cashbook
Bank fee for order 188 in UZS,NBU OF UZBEKISTAN,Cashbook,Cashbook
Bank fee for order 190 in UZS,NBU OF UZBEKISTAN,Cashbook,Cashbook
Bank fee for order 189 in UZS,NBU OF UZBEKISTAN,Cashbook,Cashbook
Bank fee for order 191 in UZS,NBU OF UZBEKISTAN,Cashbook,Cashbook
Bank fee for order 192 in UZS,NBU OF UZBEKISTAN,Cashbook,Cashbook
Bank fee for order 202 in UZS,NBU OF UZBEKISTAN,Cashbook,Cashbook
Transfer from UZS account to Transit account,NBU OF UZBEKISTAN,Cashbook,Cashbook
Bank fee for order 204 in UZS,NBU OF UZBEKISTAN,Cashbook,Cashbook
Bank fee for order 201 in UZS,NBU OF UZBEKISTAN,Cashbook,Cashbook
Refund from Transit account to UZS account,NBU OF UZBEKISTAN,Cashbook,Cashbook
Bank fee for order 227 in UZS,NBU OF UZBEKISTAN,Cashbook,Cashbook
Bank fee for order 226 in UZS,NBU OF UZBEKISTAN,Cashbook,Cashbook
Bank fee for order 228 in UZS,NBU OF UZBEKISTAN,Cashbook,Cashbook
Bank fee for order 229 in UZS,NBU OF UZBEKISTAN,Cashbook,Cashbook
Bank fee for order 232 in UZS,NBU OF UZBEKISTAN,Cashbook,Cashbook
Bank fee for order 221 in UZS,NBU OF UZBEKISTAN,Cashbook,Cashbook
Bank fee for order 220 in UZS,NBU OF UZBEKISTAN,Cashbook,Cashbook
Bank fee for order 235 in UZS,NBU OF UZBEKISTAN,Cashbook,Cashbook
Bank fee for order 236 in UZS,NBU OF UZBEKISTAN,Cashbook,Cashbook
Bank fee for order 743758 in EUR account,NBU OF UZBEKISTAN,Cashbook,Cashbook
Bank fee for order 239 in UZS,NBU OF UZBEKISTAN,Cashbook,Cashbook
Bank fee for order 237 in UZS,NBU OF UZBEKISTAN,Cashbook,Cashbook
Bank fee for order 238 in UZS,NBU OF UZBEKISTAN,Cashbook,Cashbook
Bank fee for order 240 in UZS,NBU OF UZBEKISTAN,Cashbook,Cashbook
Bank fee for order 242 in UZS,NBU OF UZBEKISTAN,Cashbook,Cashbook
Bank fee for order 241 in UZS,NBU OF UZBEKISTAN,Cashbook,Cashbook
Bank fee for order 244 in UZS,NBU OF UZBEKISTAN,Cashbook,Cashbook
Bank fee for order 243 in UZS,NBU OF UZBEKISTAN,Cashbook,Cashbook
Bank fee for order 245 in UZS,NBU OF UZBEKISTAN,Cashbook,Cashbook
Bank fee for order 246 in UZS,NBU OF UZBEKISTAN,Cashbook,Cashbook
Bank fee for order 248 in UZS,NBU OF UZBEKISTAN,Cashbook,Cashbook
Bank fee for order 247 in UZS,NBU OF UZBEKISTAN,Cashbook,Cashbook
Bank fee for order 251 in UZS,NBU OF UZBEKISTAN,Cashbook,Cashbook
Transfer from Transit account to Corp Card,NBU OF UZBEKISTAN,Cashbook,Cashbook
Bank fee on foreign banks,NBU OF UZBEKISTAN,Cashbook,Cashbook
Bank fee for a payment order 254 in UZS,NBU OF UZBEKISTAN,Cashbook,Cashbook
Bank fee for a payment order 253 in UZS,NBU OF UZBEKISTAN,Cashbook,Cashbook
Bank fee for a payment order 252 in UZS,NBU OF UZBEKISTAN,Cashbook,Cashbook
Transfer from UZS account to UZS Salary,NBU OF UZBEKISTAN,Cashbook,Cashbook
Bank fee for a payment order 256 in UZS,NBU OF UZBEKISTAN,Cashbook,Cashbook
Bank fee for a payment order 257 in UZS,NBU OF UZBEKISTAN,Cashbook,Cashbook
Bank fee for a payment order 767876 in EUR ,NBU OF UZBEKISTAN,Cashbook,Cashbook
Bank fee for a payment order 267 in UZS,NBU OF UZBEKISTAN,Cashbook,Cashbook
Bank fee for a payment order 263 in UZS,NBU OF UZBEKISTAN,Cashbook,Cashbook
Bank fee for a payment order 265 in UZS,NBU OF UZBEKISTAN,Cashbook,Cashbook
Bank fee for a payment order 266 in UZS,NBU OF UZBEKISTAN,Cashbook,Cashbook
Bank fee for a payment order 264 in UZS,NBU OF UZBEKISTAN,Cashbook,Cashbook
Bank fee for a payment order 268 in UZS,NBU OF UZBEKISTAN,Cashbook,Cashbook
Bank fee for a payment order 276 in UZS,NBU OF UZBEKISTAN,Cashbook,Cashbook
Bank fee for a payment order 9842085948 in UZS,NBU OF UZBEKISTAN,Cashbook,Cashbook
Bank fee for a payment order 282 in UZS,NBU OF UZBEKISTAN,Cashbook,Cashbook
Bank fee for a payment order 281 in UZS,NBU OF UZBEKISTAN,Cashbook,Cashbook
Bank fee for a payment order 283 in UZS,NBU OF UZBEKISTAN,Cashbook,Cashbook
Bank fee for a payment order 284 in UZS,NBU OF UZBEKISTAN,Cashbook,Cashbook
Bank fee for a payment order 286 in UZS,NBU OF UZBEKISTAN,Cashbook,Cashbook
Bank fee for a payment order 288 in UZS,NBU OF UZBEKISTAN,Cashbook,Cashbook
Bank fee for a payment order 287 in UZS,NBU OF UZBEKISTAN,Cashbook,Cashbook
Bank fee for a payment order 289 in UZS,NBU OF UZBEKISTAN,Cashbook,Cashbook
Bank fee for a payment order 290 in UZS,NBU OF UZBEKISTAN,Cashbook,Cashbook
Bank fee for a payment order 294 in UZS,NBU OF UZBEKISTAN,Cashbook,Cashbook
Bank fee for a payment order 291 in UZS,NBU OF UZBEKISTAN,Cashbook,Cashbook
Bank fee for a payment order 293 in UZS,NBU OF UZBEKISTAN,Cashbook,Cashbook
Bank fee for a payment order 297 in UZS,NBU OF UZBEKISTAN,Cashbook,Cashbook
Bank fee for a payment order 298 in UZS,NBU OF UZBEKISTAN,Cashbook,Cashbook
Bank fee for a payment order 299 in UZS,NBU OF UZBEKISTAN,Cashbook,Cashbook
Bank fee for a payment order 301 in UZS,NBU OF UZBEKISTAN,Cashbook,Cashbook
Bank fee for a payment order 300 in UZS,NBU OF UZBEKISTAN,Cashbook,Cashbook
Bank fee for a payment order 302 in UZS,NBU OF UZBEKISTAN,Cashbook,Cashbook
Bank fee for a payment order 304 in UZS,NBU OF UZBEKISTAN,Cashbook,Cashbook
Bank fee for a payment order 305 in UZS,NBU OF UZBEKISTAN,Cashbook,Cashbook
Bank fee for a payment order 306 in UZS,NBU OF UZBEKISTAN,Cashbook,Cashbook
Bank fee for a payment order 310 in UZS,NBU OF UZBEKISTAN,Cashbook,Cashbook
Bank fee for a payment order 311 in UZS,NBU OF UZBEKISTAN,Cashbook,Cashbook
Bank fee for a payment order 309 in UZS,NBU OF UZBEKISTAN,Cashbook,Cashbook
Bank fee for a payment order 312 in UZS,NBU OF UZBEKISTAN,Cashbook,Cashbook
Bank fee for a payment order 313 in UZS,NBU OF UZBEKISTAN,Cashbook,Cashbook
Bank fee for a payment order 314 in UZS,NBU OF UZBEKISTAN,Cashbook,Cashbook
Conferences- Other (Avajansky),dfs,AP,Business Development 
BD expense ,NAVOIY TINCH TEKSTIL LLC,AP,Business Development 
BD expense,CHECKPOINT TIME LLC,AP,Business Development 
BD expense,HANOK HOUSE LLC,AP,Business Development 
BD expense,FRENCH PASTRY LLC,AP,Business Development 
BD expense,BISTECCA LLC,AP,Business Development 
BD expense,SIROVARNYA SUPER LLC,AP,Business Development 
BD expense,BESHYOGOCH QAHVA LLC,AP,Business Development 
BD meal (Rakhmanov Abu Dhabi Uzbek investment),LLC Sakura City,AP,Business Development 
BD meal (Nefediev PWC),Kurant LLC,AP,Business Development 
Team meeting,ARROWS CORNER,AP,Business Development 
apartment rent (Samutichev),Najmiddinova Mekhrigul,AP,Business Development 
apartment rent (Chuykov),Zoirova Surayyo,AP,Business Development 
Entertainment Mohamed Al Lawati,ALLIANCE BAKERY,AP,Business Development 
Conferences- Other,CONGRESSES OF CENTRAL ASIA LLC,AP,Business Development 
Network hardware,COMPUTER COMPONENTS,AP,Fixed assets purchase
Prepayment for customs clearance,A&M,Cashbook,Fixed assets purchase
Office supply (furniture),A&M CIS LLP (Moscow Branch),AP,Fixed assets purchase
customs broker services,Infinitive Vector,AP,Fixed assets purchase
Office supply (furniture),Improve LLC,AP,Fixed assets purchase
Office supply (furniture),Eurollo,AP,Fixed assets purchase
office furniture certification,Best Expert Result,AP,Fixed assets purchase
Consulting services,Best Expert Result,AP,Fixed assets purchase
certification services,Uzbek Center for Scientific Teasting and Quality Control,AP,Fixed assets purchase
Refund of payment,Best Expert Result,AP,Fixed assets purchase
Office supplies - corporate mobile phone,MEDIAPARK GROUP LLC,AP,Information Technology 
Office supplies - printer,MEDIAPARK GROUP LLC,AP,Information Technology 
network hardware,COMPUTER COMPONENTS,AP,Information Technology 
Legal services,CENTIL,AP,Legal & Tax consulting Fees
legal services,SCHNEIDER GROUP Uzbekistan,AP,Legal & Tax consulting Fees
Consultung services,CENTIL,AP,Legal & Tax consulting Fees
Consulting services,Shneider Group,AP,Legal & Tax consulting Fees
Rent Paid - Office,Invest Assets Plus LLC,AP,Rent 
Subletting agreement _ 40__-___  10.06.2022_,A&M PE UZB,AR,Rent 
Rent Paid,OOO Invest Assets Plus,AP,Rent 
Real estate market analysis in Tashkent,Cushman and Wakefield,AP,Rent 
parking services,OOO Invest Assets Plus,AP,Rent 
cleaning services (September),OOO Invest Assets Plus,AP,Rent 
Office supplies ,PERSPECTIVE TRADE LLC,AP,Office supply
Printing & Photocopying outside,Intach DI LLC,AP,Office supply
Office supplies,KANSTIK LLC,AP,Office supply
Office supplies - telefon,MEDIAPARK GROUP LLC,AP,Office supply
Printing & Photocopying outside,Printuz,AP,Office supply
Supplies Kitchen,Shaffof Servis,AP,Office supply
Supplies Kitchen,Premium Tea Group ,AP,Office supply
Office supply ,Kansler LLC,AP,Office supply
Supplies Kitchen ,NEXT ARTIFICIAL SOLUTIONS,AP,Office supply
Office supplies,UNIVERSAL HOME,AP,Office supply
Office supplies- vacuum cleaner,ATE LLC,AP,Office supply
Supplies Kitchen,ANGLESEY FOOD DP LLC,AP,Office supply
Supplies Kitchen ,Mediapark Group LLC,AP,Office supply
Supplies Kitchen ,Dostlar Biznes Group,AP,Office supply
Supplies Kitchen ,YATT PAK SERGEY VLADIMIROVICH,AP,Office supply
Supplies Kitchen ,Home Garden LLC,AP,Office supply
Supplies Kitchen ,Majid Al Futtaim LLC,AP,Office supply
Supplies Kitchen ,HOTPOINT STORE,AP,Office supply
Supplies Kitchen ,Strou City Plus LLC,AP,Office supply
Supplies Kitchen ,ANGLESEY FOOD DP LLC,AP,Office supply
Supplies Kitchen ,YATT TURSUNOV MUROD XAKIM,AP,Office supply
Supplies Kitchen ,HOME DEPOT BUILDINGS,AP,Office supply
Office supplies first aid kit,ANVAR  FARMSERVIS,AP,Office supply
Supplies Kitchen ,DOSTLAR BIZNES GROUP LLC,AP,Office supply
Supplies Kitchen ,GOLD MIRACLE,AP,Office supply
Supplies Kitchen ,YATT SIDIKXODJAYEV NAZIRXON,AP,Office supply
Office supplies,ASIA CLEAN CENTER LLC,AP,Office supply
Supplies Kitchen,Silver Water Dispenser,AP,Office supply
Printer - Supplies,COMPUTER COMPONENTS,AP,Office supply
Salary payment Avajansky Anton,A&M,Payroll 1,Payroll
Salary tax PIT  Avazhanskiy Anton,A&M ,Payroll 1,Payroll
Salary payment,A&M ,Payroll 1,Payroll
Salary payment Toporov,A&M ,Payroll 1,Payroll
Salary tax PIT  Toporov,A&M ,Payroll 1,Payroll
Salary payment,A&M ,AP,Payroll
Salary tax PIT ,A&M ,AP,Payroll
Vacation payment KHODAKOVSKIY YAROSLAV XXX,A&M,Payroll 1,Payroll
Refund of payment Salary tax PIT,A&M,Payroll 1,Payroll
Salary tax PIT,A&M,Payroll 1,Payroll
Salary payment BALASANOV GEORGY ARMENOVICH,A&M,Payroll 1,Payroll
Transfer from UZS account to UZS Salary,NBU OF UZBEKISTAN,Cashbook,Payroll
Transfer from UZS Salary  to UZS Account,A&M,Payroll 1,Payroll
Penalties PIT,A&M,Cashbook,Payroll
Refund Salary tax PIT,A&M,Payroll 1,Payroll
Team meeting meal,EXTRA KITCHEN GROUP,AP,Business Development
BD meal(Latipov Davidov NMMC),NAVOIY TINCH TEKSTIL,AP,Business Development
BD meal(Avesta Srapionov),Bistecca LLC,AP,Business Development
BD meal(Djurabekov Minenergy),Extra Kitchen Group LLC,AP,Business Development
Recruiting Agency Fees,HEL-DEN LLC,AP,Recruitment
Recruiting Agency Fees,Hel Den LLC,AP,Recruitment
Expenses reimbursement Anton Avazhanskiy,A&M ,AP,Reimbursment exp
Expenses reimbursement GOROKHOVA SVETLANA OLEGOVNA,A&M,Exps,Reimbursment exp
Expenses reimbursement LIKHACHEVA EVGENIYA ALEKSANDROVNA,A&M,Exps,Reimbursment exp
Expenses reimbursement KHARCHENKO DENIS ALEKSANDROVICH ,A&M,Exps,Reimbursment exp
Expenses reimbursement KINEV PAVEL ALEKSANDROVICH,A&M,Exps,Reimbursment exp
Expenses reimbursement FEDOTOV PAVEL ALEKSEEVICH,A&M,Exps,Reimbursment exp
Transfer from UZS account to UZS Salary,NBU OF UZBEKISTAN,Cashbook,Reimbursment exp
Salary tax PIT Anastasyev,A&M,Payroll 1,Subcontractors
consulting services Anastasyev,A&M,Payroll 1,Subcontractors
consulting servises Kouznetsov,A&M,Payroll 1,Subcontractors
Salary tax social security contribution  Avazhanskiy Anton,A&M ,Payroll 1,TAXES - Payroll
Salary tax social security contribution  Toporov,A&M ,Payroll 1,TAXES - Payroll
Salary tax social security contribution,A&M ,AP,TAXES - Payroll
Refund of payment Salary tax PIT,A&M,Payroll 1,TAXES - Payroll
Salary tax Social security contribution,A&M,Payroll 1,TAXES - Payroll
Salary tax Social security contribution Anastasyev,A&M,Payroll 1,TAXES - Payroll
Refund Salary tax Social security contribution,A&M,Payroll 1,TAXES - Payroll
Salary tax PIT,A&M,Payroll 1,TAXES - Payroll
Transfer from UZS account to UZS Salary,NBU OF UZBEKISTAN,Cashbook,TAXES - Payroll
VAT,A&M,Cashbook,TAXES - VAT
VAT tax agent,A&M,Cashbook,TAXES - VAT
_ellular services,COSCOM LLC,AP,"Telephone, internet"
Internet,Uzbektelecom,AP,"Telephone, internet"
mobile phone services,COSCOM LLC,AP,"Telephone, internet"
Commission for participation in electronic trading,Uzbek Republican Commodity and Raw Materials Exchange,AP,Tenders' participation
Tender participation,"JV ""XT-Xarid Texnologiyalari"" LTD",AP,Tenders' participation
Refund of payment for tender participation ,"JV ""XT-Xarid Texnologiyalari""LTD",AP,Tenders' participation
travel expenses -tickets,LANGO TRADING LLC,AP,Travel&Transport
service fees,LANGO TRADING LLC,AP,Travel&Transport
travel expenses -hotels,LANGO TRADING LLC,AP,Travel&Transport
Travel expenses,Lango Trading LLC,AP,Travel&Transport
Taxi services,MyTaxi,AP,Travel&Transport
travel expenses-hotels,Lango Trading LLC,AP,Travel&Transport
travel expenses service fees,Lango Trading LLC,AP,Travel&Transport
travel expenses-tickets,Lango Trading LLC,AP,Travel&Transport
travel expenses-tickets,Lango,AP,Travel&Transport
travel expenses service fees,Lango,AP,Travel&Transport
travel expenses-hotels,Lango,AP,Travel&Transport
Printing & Photocopying outside,Printuz,AP,Travel&Transport
taxi services,My Taxi,AP,Travel&Transport
travel expenses-service fees,Lango,AP,Travel&Transport
Work permit  fees Alexeychuk Maxim,Public Services Center Yunusobod,AP,Work permits
Work permit  fees Balasanov Georgy,Public Services Center Yunusobod,AP,Work permits
Work permit  fees Gorokhova Svetlana,Public Services Center Yunusobod,AP,Work permits
Work permit  fees Zakharov Nikita,Public Services Center Yunusobod,AP,Work permits
Work permit  fees Velikhanova,Public Services Center Yunusobod,AP,Work permits
Work permit  fees Gabueva,Public Services Center Yunusobod,AP,Work permits
Work permit  fees Nuretdinov Oleg,Public Services Center Yunusobod,AP,Work permits
Work permit  fees Petelin Nikita,Public Services Center Yunusobod,AP,Work permits
Work permit  fees Pyaterneva Nataliya,Public Services Center Yunusobod,AP,Work permits
Work permit  fees Avazhanskaia Nadezhda,Public Services Center Yunusobod,AP,Work permits
Work permit  fees Avajansky Anton,Public Services Center Yunusobod,AP,Work permits
Work permit  fees Chumakova Zhanna,Public Services Center Yunusobod,AP,Work permits
Work permit  fees Kachan,Public Services Center Yunusobod,AP,Work permits
Work permit  fees Kuzmin,Public Services Center Yunusobod,AP,Work permits
Work permit  fees Medvedev,Public Services Center Yunusobod,AP,Work permits
Work permit  fees Starostin,Public Services Center Yunusobod,AP,Work permits
Work permit  fees Toporov,Public Services Center Yunusobod,AP,Work permits
Work permit  fees Kharchenko,Public Services Center Yunusobod,AP,Work permits
Work permit  fees Andreicheva,Public Services Center Yunusobod,AP,Work permits
Work permit  fees Ekidina Anastasiya,Public Services Center Yunusobod,AP,Work permits
Work permit  fees Chuikov Egor,Public Services Center Yunusobod,AP,Work permits
Work permit  fees Chumakov Anton,Public Services Center Yunusobod,AP,Work permits
Work permit  fees Likhacheva Evgeniya,Public Services Center Yunusobod,AP,Work permits
Work permit  fees Kinev Pavel,Public Services Center Yunusobod,AP,Work permits
Work permit  fees Ponomareva Sofiya,Public Services Center Yunusobod,AP,Work permits
Work permit  fees Samutichev Evgenii,Public Services Center Yunusobod,AP,Work permits
Work permit  fees Lukashenko Yana,Public Services Center Yunusobod,AP,Work permits
Work permit  fees Khodakovsky Yaroslav,Public Services Center Yunusobod,AP,Work permits
Work permit  fees Fedotov Pavel,Public Services Center Yunusobod,AP,Work permits
Work permit  fees Avazhanskiy,Public Services Center Yunusobod,AP,Work permits
Work permit  fees Gorokhova,Public Services Center Yunusobod,AP,Work permits
Work permit  fees Balasanov,Public Services Center Yunusobod,AP,Work permits
Work permit  fees Zakharov,Public Services Center Yunusobod,AP,Work permits
Work permit  fees Alexeychuk,Public Services Center Yunusobod,AP,Work permits
Work permit  fees Nuretdinov,Public Services Center Yunusobod,AP,Work permits
Work permit  fees Chumakova,Public Services Center Yunusobod,AP,Work permits
Work permit  fees Kinev,Public Services Center Yunusobod,AP,Work permits
Work permit  fees Pyaterneva,Public Services Center Yunusobod,AP,Work permits
Work permit  fees Petelin,Public Services Center Yunusobod,AP,Work permits
Work permit  fees Yekidina,Public Services Center Yunusobod,AP,Work permits
Work permit  fees Chuykov,Public Services Center Yunusobod,AP,Work permits
Work permit  fees Samutichev,Public Services Center Yunusobod,AP,Work permits
Work permit  fees Likhacheva,Public Services Center Yunusobod,AP,Work permits
Work permit  fees Lukashenko,Public Services Center Yunusobod,AP,Work permits
Work permit  fees Andreycheva,Public Services Center Yunusobod,AP,Work permits
Work permit  fees Chumakov,Public Services Center Yunusobod,AP,Work permits
Work permit  fees Ponomareva,Public Services Center Yunusobod,AP,Work permits
Work permit  fees Fedotov,Public Services Center Yunusobod,AP,Work permits
Work permit  fees Khodakovskiy,Public Services Center Yunusobod,AP,Work permits
Work permit Sosnin,Public Services Center Yunusobod,AP,Work permits
Work Permit Beleshova,Public Services Center Yunusobod,AP,Work permits
Work Permit Astakhov,Treasury of the Ministry of Finance,AP,Work permits